time,latitude,longitude,depth,mag,magType,nst,gap,dmin,rms,net,id,updated,place,type,horizontalError,depthError,magError,magNst,status,locationSource,magSource
1976-04-29T23:34:51.860Z,19.4218333,-155.2748333,0.609,3.18,ml,20,47,,0.08,hv,hv19760915,2020-03-31T16:58:03.860Z,"4 km WSW of Volcano, Hawaii",earthquake,0.32,0.35,0.16,2,reviewed,hv,hv
1976-04-29T23:30:17.000Z,-9.205,-79.273,68,5,mb,,,,,us,usp0000g3k,2014-11-06T23:21:34.976Z,"72 km WSW of Puerto Santa, Peru",earthquake,,,,,reviewed,us,us
1976-04-29T23:23:15.700Z,40.977,42.874,11,4.8,mb,,,,,us,usp0000g3j,2022-04-27T17:12:41.296Z,"20 km SE of Ardahan, Turkey",earthquake,,,,,reviewed,us,us
1976-04-29T22:18:09.100Z,40.888,42.855,44,5.5,ms,,,,,us,usp0000g3h,2025-12-19T20:21:42.201Z,"23 km ENE of Göle, Turkey",earthquake,,,,,reviewed,us,us
1976-04-29T19:48:22.200Z,38.527,134.07,456,4,mb,,,,,us,usp0000g3f,2014-11-06T23:21:34.973Z,"Sea of Japan",earthquake,,,,,reviewed,us,us
1976-04-29T18:03:52.000Z,38.905,143.705,33,4,mb,,,,,us,usp0000g3e,2014-11-06T23:21:34.973Z,"163 km ESE of Yamada, Japan",earthquake,,,,,reviewed,us,us
1976-04-29T15:35:11.800Z,-5.642,148.866,176,5.3,mb,,,,,us,usp0000g3c,2014-11-06T23:21:34.972Z,"97 km NW of Kandrian, Papua New Guinea",earthquake,,,,,reviewed,us,us
1976-04-29T14:06:43.720Z,33.994,-116.644,15.46,2.5,md,0,181.8,0.01056,0.121,ci,ci3006980,2016-01-29T21:56:53.500Z,"8km SW of Morongo Valley, CA",earthquake,,3.974,,0,reviewed,ci,ci
1976-04-29T12:54:57.000Z,-62.872,167.626,16,5.7,ms,,,,,us,usp0000g3b,2014-11-06T23:21:34.971Z,"Balleny Islands region",earthquake,,,,,reviewed,us,us
1976-04-29T12:42:42.700Z,-7.48,156.784,403,4.7,mb,,,,,us,usp0000g3a,2014-11-06T23:21:34.970Z,"69 km N of Gizo, Solomon Islands",earthquake,,,,,reviewed,us,us
1976-04-29T12:07:43.500Z,13.154,125.536,21,4.7,mb,,,,,us,usp0000g39,2014-11-06T23:21:34.970Z,"75 km NE of Cabodiongan, Philippines",earthquake,,,,,reviewed,us,us
1976-04-29T12:00:54.450Z,34.216,-119.609,6,2.75,mh,0,215.1,0.2925,0.297,ci,ci3115738,2016-01-29T21:24:40.370Z,"22km SSW of Carpinteria, CA",earthquake,,,,3,reviewed,ci,ci
1976-04-29T11:30:38.380Z,19.3818333,-155.2785,2.257,3.1,ml,30,60,,0.09,hv,hv19760914,2020-03-31T16:58:03.700Z,"8 km SW of Volcano, Hawaii",earthquake,0.27,0.32,0.14,2,reviewed,hv,hv
1976-04-29T10:53:07.500Z,-5.793,149.183,143,4.9,mb,,,,,us,usp0000g38,2014-11-06T23:21:34.969Z,"60 km NW of Kandrian, Papua New Guinea",earthquake,,,,,reviewed,us,us
1976-04-29T10:34:33.500Z,-10.823,165.979,192,4.7,mb,,,,,us,usp0000g37,2014-11-06T23:21:34.969Z,"22 km ESE of Lata, Solomon Islands",earthquake,,,,,reviewed,us,us
1976-04-29T08:40:08.000Z,33.115,-115.628,10.13,2.6,mh,0,43.9,,0.272,ci,ci3002920,2016-01-29T21:56:49.590Z,"9km N of Westmorland, CA",earthquake,,0.453,,16,reviewed,ci,ci
1976-04-29T08:11:44.000Z,-22.279,-179.587,596,4.9,mb,,,,,us,usp0000g36,2014-11-06T23:21:34.968Z,"south of the Fiji Islands",earthquake,,,,,reviewed,us,us
1976-04-29T06:32:49.000Z,-28.197,-176.877,62,6.1,ms,,,,,us,usp0000g34,2025-12-19T20:21:41.256Z,"Kermadec Islands region",earthquake,,,,,reviewed,us,us
1976-04-28T23:07:16.700Z,43.427,146.77,48,4.8,mb,,,,,us,usp0000g32,2014-11-06T23:21:34.966Z,"41 km S of Shikotan, Russia",earthquake,,,,,reviewed,us,us
1976-04-28T20:03:11.600Z,-8.557,-80.147,33,4.6,mb,,,,,us,usp0000g31,2014-11-06T23:21:34.965Z,"119 km WSW of Santiago de Cao, Peru",earthquake,,,,,reviewed,us,us
1976-04-28T18:19:28.540Z,36.168,-118.03,6,2.96,ml,0,138.7,0.2743,0.292,ci,ci3005908,2016-01-29T21:16:36.030Z,"13km S of Olancha, CA",earthquake,,,,8,reviewed,ci,ci
1976-04-28T12:14:31.190Z,35.574,-116.662,1,2.59,mh,0,246.8,0.2959,0.147,ci,ci3006979,2016-01-29T21:56:53.010Z,"35km N of Fort Irwin, CA",earthquake,,,,10,reviewed,ci,ci
1976-04-28T08:39:58.880Z,47.7763333,-122.3308333,26.847,2.7,md,15,66,0.1323,0.16,uw,uw10841233,2016-07-25T00:21:17.790Z,"2 km SW of Mountlake Terrace, Washington",earthquake,0.078,0.11,0.14,14,reviewed,uw,uw
1976-04-28T08:03:57.630Z,19.3953333,-155.2626667,1.699,2.67,ml,15,107,,0.07,hv,hv19760908,2020-03-31T16:58:02.720Z,"6 km SSW of Volcano, Hawaii",earthquake,0.35,0.3,0.13,2,reviewed,hv,hv
1976-04-28T08:01:01.700Z,41.62,142.646,56,4.6,mb,,,,,us,usp0000g2x,2014-11-06T23:21:34.963Z,"82 km SSE of Shizunai-furukawach?, Japan",earthquake,,,,,reviewed,us,us
1976-04-28T07:59:19.700Z,-4.562,149.886,521,5.6,mb,,,,,us,usp0000g2w,2025-12-19T20:21:40.543Z,"112 km NNW of Kimbe, Papua New Guinea",earthquake,,,,,reviewed,us,us
1976-04-28T07:21:24.660Z,19.3946667,-155.262,1.779,2.57,ml,22,105,,0.11,hv,hv19760907,2020-03-31T16:58:02.570Z,"6 km SSW of Volcano, Hawaii",earthquake,0.4,0.42,0.08,1,reviewed,hv,hv
1976-04-28T06:11:53.100Z,-10.182,160.951,32,4.8,mb,,,,,us,usp0000g2u,2014-11-06T23:21:34.961Z,"110 km WNW of Kirakira, Solomon Islands",earthquake,,,,,reviewed,us,us
1976-04-28T05:15:37.200Z,15.883,-86.126,36,4,mb,,,,,us,usp0000g2t,2014-11-06T23:21:34.960Z,"18 km WSW of Jericó, Honduras",earthquake,,,,,reviewed,us,us
1976-04-28T04:39:34.700Z,13.931,-90.654,69,4.8,mb,,,,,us,usp0000g2s,2014-11-06T23:21:34.960Z,"5 km E of Iztapa, Guatemala",earthquake,,,,,reviewed,us,us
1976-04-28T02:14:20.800Z,-17.916,-178.414,605,4.9,mb,,,,,us,usp0000g2r,2014-11-06T23:21:34.959Z,"240 km E of Levuka, Fiji",earthquake,,,,,reviewed,us,us
1976-04-28T01:34:15.200Z,5.496,-77.877,33,4.2,mb,,,,,us,usp0000g2q,2014-11-06T23:21:34.958Z,"71 km WSW of Nuquí, Colombia",earthquake,,,,,reviewed,us,us
1976-04-28T00:20:09.970Z,35.7733333,-121.2933333,9.337,2.62,md,21,213,0.1459,0.1,nc,nc1029544,2016-12-15T06:40:06.160Z,"17 km NNW of San Simeon, California",earthquake,0.77,1.17,0.22,7,reviewed,nc,nc
1976-04-27T23:40:12.220Z,19.3973333,-155.2603333,1.939,3.03,ml,26,81,,0.09,hv,hv19760906,2020-03-31T16:58:02.420Z,"5 km SSW of Volcano, Hawaii",earthquake,0.33,0.4,0.4,2,reviewed,hv,hv
1976-04-27T23:17:51.900Z,19.2816667,-155.3743333,3.972,2.6,ml,26,124,,0.19,hv,hv19760905,2020-03-31T16:58:02.270Z,"14 km NE of P?hala, Hawaii",earthquake,0.63,3.47,,1,reviewed,hv,hv
1976-04-27T21:46:47.450Z,19.3461667,-155.1755,8.758,2.54,ml,26,73,,0.09,hv,hv19760904,2020-03-31T16:58:02.100Z,"12 km SSE of Volcano, Hawaii",earthquake,0.48,0.73,0.19,2,reviewed,hv,hv
1976-04-27T19:32:33.100Z,52.346,173.357,45,4.2,mb,,,,,us,usp0000g2p,2014-11-06T23:21:34.957Z,"56 km SSE of Attu Station, Alaska",earthquake,,,,,reviewed,us,us
1976-04-27T18:14:19.000Z,16.438,-99.677,33,4.9,mb,,,,,us,usp0000g2n,2022-04-27T17:12:28.168Z,"28 km S of San Andrés Playa Encantada (El Podrido), Mexico",earthquake,,,,,reviewed,us,us
1976-04-27T16:35:56.700Z,42.799,146.054,103,4.6,mb,,,,,us,usp0000g2m,2014-11-06T23:21:34.956Z,"70 km SSE of Nemuro, Japan",earthquake,,,,,reviewed,us,us
1976-04-27T15:39:40.510Z,19.3338333,-155.1081667,8.228,2.63,ml,27,109,,0.11,hv,hv19760903,2020-03-31T16:58:01.890Z,"14 km S of Fern Forest, Hawaii",earthquake,0.54,0.82,0.06,2,reviewed,hv,hv
1976-04-27T15:09:46.900Z,-23.299,-179.861,478,5,mb,,,,,us,usp0000g2k,2014-11-06T23:21:34.955Z,"south of the Fiji Islands",earthquake,,,,,reviewed,us,us
1976-04-27T11:26:57.500Z,64.81,-147.488,33,3.8,ml,,,,,us,usp0000g2h,2014-11-06T23:21:34.954Z,"2 km ENE of Badger, Alaska",earthquake,,,,,reviewed,us,pmr
1976-04-27T11:25:04.900Z,36.2738333,-120.8405,6.661,2.88,md,23,109,0.06757,0.05,nc,nc1029540,2016-12-15T06:39:51.783Z,"22 km NE of San Lucas, California",earthquake,0.21,0.39,0.59,9,reviewed,nc,nc
1976-04-27T11:24:54.400Z,13.452,-91.604,33,4.7,mb,,,,,us,usp0000g2g,2014-11-06T23:21:34.953Z,"89 km SSW of Nueva Concepción, Guatemala",earthquake,,,,,reviewed,us,us
1976-04-27T10:17:54.000Z,-10.857,165.922,36,5.3,mb,,,,,us,usp0000g2f,2025-12-19T20:21:39.836Z,"19 km SE of Lata, Solomon Islands",earthquake,,,,,reviewed,us,us
1976-04-27T07:44:41.750Z,19.384,-155.2801667,3.05,3.37,ml,26,43,,0.1,hv,hv19760902,2020-03-31T16:58:01.710Z,"8 km SW of Volcano, Hawaii",earthquake,0.37,0.74,0.62,2,reviewed,hv,hv
1976-04-27T07:43:13.800Z,-3.416,145.299,33,4.9,mb,,,,,us,usp0000g2e,2014-11-06T23:21:34.952Z,"154 km ENE of Angoram, Papua New Guinea",earthquake,,,,,reviewed,us,us
1976-04-27T05:23:38.500Z,17.711,-94.38,141,4.8,mb,,,,,us,usp0000g2d,2014-11-06T23:21:34.951Z,"27 km SSW of Cuichapa, Mexico",earthquake,,,,,reviewed,us,us
1976-04-27T04:57:49.900Z,4.11,-75.511,52,3.9,mb,,,,,us,usp0000g2c,2014-11-06T23:21:34.951Z,"12 km WNW of Playarrica, Colombia",earthquake,,,,,reviewed,us,us
1976-04-27T04:46:29.460Z,36.4283333,-120.9961667,5.102,2.85,md,36,77,0.1036,0.09,nc,nc1029535,2016-12-15T06:39:33.266Z,"25 km ENE of Greenfield, California",earthquake,0.22,1.34,0.34,5,reviewed,nc,nc
1976-04-27T01:08:38.190Z,32.472,-115.26,6,2.55,mh,0,234.4,0.3121,0.294,ci,ci3002901,2016-01-29T21:32:24.920Z,"14km SE of Puebla, B.C., MX",earthquake,,,,1,reviewed,ci,ci
1976-04-26T22:42:19.900Z,39.186,23.835,10,3.6,mb,,,,,us,usp0000g2b,2014-11-06T23:21:34.950Z,"5 km NNW of Patitírion, Greece",earthquake,,,,,reviewed,us,us
1976-04-26T21:27:45.750Z,35.9268333,-120.4733333,10.418,3.19,md,20,69,0.01892,0.07,nc,nc1029530,2016-12-15T06:39:15.191Z,"4 km NW of Parkfield, California",earthquake,0.33,0.66,0.16,13,reviewed,nc,nc
1976-04-26T19:19:25.300Z,-34.866,-108.908,33,5,mb,,,,,us,usp0000g2a,2014-11-06T23:21:34.950Z,"southern East Pacific Rise",earthquake,,,,,reviewed,us,us
1976-04-26T17:18:28.100Z,44.234,-128.509,33,4.7,mb,,,,,us,usp0000g28,2014-11-06T23:21:34.948Z,"off the coast of Oregon",earthquake,,,,,reviewed,us,us
1976-04-26T15:24:22.000Z,15.016,-89.607,5,4.1,mb,,,,,us,usp0000g27,2014-11-06T23:21:34.948Z,"3 km SW of Río Hondo, Guatemala",earthquake,,,,,reviewed,us,us
1976-04-26T14:39:09.600Z,44.273,-128.563,33,4.5,mb,,,,,us,usp0000g26,2014-11-06T23:21:34.947Z,"off the coast of Oregon",earthquake,,,,,reviewed,us,us
1976-04-26T13:58:20.200Z,44.302,-128.715,33,4.7,mb,,,,,us,usp0000g25,2014-11-06T23:21:34.946Z,"off the coast of Oregon",earthquake,,,,,reviewed,us,us
1976-04-26T10:41:34.600Z,79.159,3.677,33,4.5,mb,,,,,us,usp0000g23,2014-11-06T23:21:34.945Z,"281 km WNW of Longyearbyen, Svalbard and Jan Mayen",earthquake,,,,,reviewed,us,us
1976-04-26T06:46:37.620Z,33.133,-115.637,11.28,3.92,ml,0,42.2,,0.319,ci,ci3002890,2016-01-29T21:09:05.920Z,"11km N of Westmorland, CA",earthquake,,0.297,,6,reviewed,ci,ci
1976-04-26T05:20:39.270Z,35.925,-120.4706667,5.488,3.87,md,22,77,0.02072,0.1,nc,nc1029523,2016-12-15T06:38:48.975Z,"4 km NW of Parkfield, California",earthquake,0.28,0.49,0.61,10,reviewed,nc,nc
1976-04-26T05:18:18.060Z,35.9251667,-120.4695,5.408,2.65,md,13,77,0.02072,0.08,nc,nc1029522,2016-12-15T06:38:45.057Z,"4 km NW of Parkfield, California",earthquake,0.39,0.63,0.63,4,reviewed,nc,nc
1976-04-26T04:57:25.500Z,28.718,52.078,29,5.2,mb,,,,,us,usp0000g20,2022-04-27T17:12:27.101Z,"50 km WSW of F?r?z?b?d, Iran",earthquake,,,,,reviewed,us,us
1976-04-26T01:03:20.370Z,19.2515,-155.3618333,8.632,3,ml,30,194,,0.08,hv,hv19760895,2020-03-31T16:58:00.640Z,"13 km ENE of P?hala, Hawaii",earthquake,0.81,0.6,0.03,1,reviewed,hv,hv
1976-04-26T00:37:03.930Z,36.7291667,-120.7835,7.635,3.69,md,32,158,0.06667,0.06,nc,nc1029519,2016-12-15T06:38:32.520Z,"28 km SSW of South Dos Palos, California",earthquake,0.29,0.56,0.57,10,reviewed,nc,nc
1976-04-25T23:02:24.900Z,-47.6,100.161,33,5.2,mb,,,,,us,usp0000g1z,2014-11-06T23:21:34.942Z,"southeast Indian Ridge",earthquake,,,,,reviewed,us,us
1976-04-25T22:47:46.000Z,34.551,139.418,33,5.3,ms,,,,,us,usp0000g1y,2014-11-06T23:21:34.941Z,"45 km ESE of Shimoda, Japan",earthquake,,,,,reviewed,us,us
1976-04-25T22:21:41.100Z,-47.572,99.919,33,5.8,ms,,,,,us,usp0000g1x,2025-12-19T20:21:39.089Z,"southeast Indian Ridge",earthquake,,,,,reviewed,us,us
1976-04-25T22:17:16.200Z,-7.996,156.256,55,5,mb,,,,,us,usp0000g1w,2014-11-06T23:21:34.940Z,"65 km W of Gizo, Solomon Islands",earthquake,,,,,reviewed,us,us
1976-04-25T21:30:44.340Z,31.648,-115.913,12,3.21,mh,0,278.4,1.011,0.509,ci,ci3002888,2016-01-29T21:16:31.540Z,"62km E of Maneadero, B.C., MX",earthquake,,,,13,reviewed,ci,ci
1976-04-25T21:04:09.300Z,36.9873333,-121.4711667,3.57,2.58,md,31,56,0.03964,0.08,nc,nc1029518,2016-12-15T06:38:26.445Z,"8 km ESE of Gilroy, California",earthquake,0.2,0.5,0.51,12,reviewed,nc,nc
1976-04-25T20:47:46.900Z,-20.484,-177.829,522,5.2,mb,,,,,us,usp0000g1v,2014-11-06T23:21:34.940Z,"282 km WNW of Haveluloto, Tonga",earthquake,,,,,reviewed,us,us
1976-04-25T20:38:07.600Z,-10.768,162.168,17,4.7,mb,,,,,us,usp0000g1u,2014-11-06T23:21:34.939Z,"44 km SE of Kirakira, Solomon Islands",earthquake,,,,,reviewed,us,us
1976-04-25T17:51:08.230Z,33.738,-118.037,14.81,2.84,ml,0,85.7,,0.225,ci,ci3005766,2016-01-29T21:49:05.630Z,"4km SW of Westminster, CA",earthquake,,0.415,,4,reviewed,ci,ci
1976-04-25T17:34:29.500Z,-30.439,-72.409,33,4.4,mb,,,,,us,usp0000g1r,2014-11-06T23:21:34.937Z,"116 km WSW of Coquimbo, Chile",earthquake,,,,,reviewed,us,us
1976-04-25T15:41:42.000Z,-16.243,-173.979,33,4.7,mb,,,,,us,usp0000g1q,2014-11-06T23:21:34.937Z,"37 km SSW of Hihifo, Tonga",earthquake,,,,,reviewed,us,us
1976-04-25T15:06:23.700Z,-17.339,-176.733,349,4.9,mb,,,,,us,usp0000g1p,2014-11-06T23:21:34.936Z,"Fiji region",earthquake,,,,,reviewed,us,us
1976-04-25T14:00:03.100Z,13.182,-89.812,90,4.3,mb,,,,,us,usp0000g1n,2014-11-06T23:21:34.935Z,"45 km S of Acajutla, El Salvador",earthquake,,,,,reviewed,us,us
1976-04-25T11:20:15.200Z,49.538,-126.574,33,4.3,mb,,,,,us,usp0000g1k,2014-11-06T23:21:34.934Z,"56 km SSW of Vernon, Canada",earthquake,,,,,reviewed,us,us
1976-04-25T10:12:09.400Z,64.79,-147.67,34,3.3,ml,,,,,us,usp0000g1j,2014-11-06T23:21:34.933Z,"5 km SSE of Fairbanks, Alaska",earthquake,,,,,reviewed,us,pmr
1976-04-25T09:23:07.700Z,31.865,-114.332,6,2.58,mh,0,317.3,1.255,0,ci,ci3002887,2016-01-29T21:49:01.360Z,"73km ESE of Estacion Coahuila, B.C., MX",earthquake,,,,4,reviewed,ci,ci
1976-04-25T06:55:31.430Z,19.3425,-155.1806667,8.153,2.63,ml,31,76,,0.07,hv,hv19760892,2020-03-31T16:58:00.200Z,"12 km SSE of Volcano, Hawaii",earthquake,0.36,0.56,0.05,1,reviewed,hv,hv
1976-04-25T06:43:16.100Z,-23.488,-179.949,464,5,mb,,,,,us,usp0000g1h,2014-11-06T23:21:34.933Z,"south of the Fiji Islands",earthquake,,,,,reviewed,us,us
1976-04-25T06:38:06.230Z,36.5181667,-121.0988333,1.833,3.02,md,18,74,0.02072,0.02,nc,nc1029515,2016-12-15T06:38:15.202Z,"22 km ENE of Soledad, California",earthquake,0.16,0.35,0.22,5,reviewed,nc,nc
1976-04-25T06:23:23.000Z,60.301,-29.598,33,4.2,mb,,,,,us,usp0000g1g,2014-11-06T23:21:34.932Z,"Reykjanes Ridge",earthquake,,,,,reviewed,us,us
1976-04-25T06:18:07.600Z,59.913,-29.942,33,4.7,mb,,,,,us,usp0000g1f,2026-01-07T18:58:44.180Z,"Reykjanes Ridge",earthquake,,,,,reviewed,us,us
1976-04-25T05:48:48.490Z,35.315,-118.845,6,2.76,ml,0,137.4,,0.345,ci,ci3005763,2016-01-29T21:24:36.080Z,"9km NE of Lamont, CA",earthquake,,,,5,reviewed,ci,ci
1976-04-25T03:54:11.200Z,19.3225,-155.3246667,7.976,2.7,ml,25,97,,0.11,hv,hv19760891,2020-03-31T16:58:00.040Z,"16 km SW of Volcano, Hawaii",earthquake,0.49,0.62,,1,reviewed,hv,hv
1976-04-25T00:27:24.400Z,59.828,-29.985,33,4.7,mb,,,,,us,usp0000g1e,2026-01-07T18:58:43.362Z,"Reykjanes Ridge",earthquake,,,,,reviewed,us,us
1976-04-24T23:20:01.300Z,60.046,-29.576,33,4.4,mb,,,,,us,usp0000g1d,2014-11-06T23:21:34.930Z,"Reykjanes Ridge",earthquake,,,,,reviewed,us,us
1976-04-24T21:04:26.420Z,36.156,-117.944,6,2.87,ml,0,146.5,0.3039,0.339,ci,ci3005760,2016-01-29T21:09:07.330Z,"12km N of Coso Junction, CA",earthquake,,,,7,reviewed,ci,ci
1976-04-24T19:14:39.300Z,-5.607,146.067,56,5.3,mb,,,,,us,usp0000g1b,2014-11-06T23:21:34.929Z,"52 km SE of Madang, Papua New Guinea",earthquake,,,,,reviewed,us,us
1976-04-24T19:13:35.400Z,41.459,50.939,33,4.8,mb,,,,,us,usp0000g1a,2022-04-27T17:12:26.206Z,"121 km NNE of Pirallah?, Azerbaijan",earthquake,,,,,reviewed,us,us
1976-04-24T13:57:01.000Z,40.359,63.715,33,4.7,mb,,,,,us,usp0000g18,2014-11-06T23:21:34.927Z,"33 km NE of Gazli, Uzbekistan",earthquake,,,,,reviewed,us,us
1976-04-24T13:22:37.000Z,73.097,5.859,33,4.6,mb,,,,,us,usp0000g17,2014-11-06T23:21:34.927Z,"Greenland Sea",earthquake,,,,,reviewed,us,us
1976-04-24T11:38:29.700Z,11.575,-86.483,26,3.6,mb,,,,,us,usp0000g16,2014-11-06T23:21:34.926Z,"23 km S of Masachapa, Nicaragua",earthquake,,,,,reviewed,us,us
1976-04-24T11:05:15.700Z,-28.501,-70.306,94,5.5,mb,,,,,us,usp0000g15,2022-04-27T17:12:24.858Z,"45 km E of Vallenar, Chile",earthquake,,,,,reviewed,us,us
1976-04-24T10:23:00.200Z,47.207,152.528,100,4.5,mb,,,,,us,usp0000g14,2014-11-06T23:21:34.925Z,"Kuril Islands",earthquake,,,,,reviewed,us,us
1976-04-24T10:19:43.800Z,27.949,56.684,22,4.8,mb,,,,,us,usp0000g12,2014-11-06T23:21:34.923Z,"93 km NNE of Bandar Abbas, Iran",earthquake,,,,,reviewed,us,us
1976-04-24T08:49:12.000Z,48.255,-114.089,5,2.9,ml,,,,,us,usp0000g11,2014-11-06T23:21:34.922Z,"14 km ENE of Evergreen, Montana",earthquake,,,,,reviewed,us,gs
1976-04-24T08:40:36.900Z,-31.109,-69.227,117,3.6,mb,,,,,us,usp0000g10,2014-11-06T23:21:34.921Z,"31 km NE of Calingasta, Argentina",earthquake,,,,,reviewed,us,us
1976-04-24T08:29:23.200Z,-30.293,-178.17,117,4.7,mb,,,,,us,usp0000g0z,2014-11-06T23:21:34.921Z,"Kermadec Islands, New Zealand",earthquake,,,,,reviewed,us,us
1976-04-24T06:31:51.200Z,35.609,69.939,39,4.1,mb,,,,,us,usp0000g0y,2014-11-06T23:21:34.920Z,"50 km NE of B?z?rak, Afghanistan",earthquake,,,,,reviewed,us,us
1976-04-24T04:51:53.200Z,19.3123333,-155.1651667,8.823,2.8,ml,30,108,,0.1,hv,hv19760889,2020-03-31T16:57:59.720Z,"16 km SSE of Volcano, Hawaii",earthquake,0.62,0.49,0.14,2,reviewed,hv,hv
1976-04-24T03:21:23.970Z,37.103,-116.597,6,2.75,ml,0,277,1.307,0.923,ci,ci3005753,2016-01-29T21:01:16.000Z,"26km NNE of Beatty, NV",earthquake,,,,4,reviewed,ci,ci
1976-04-24T02:34:24.200Z,6.791,-73.093,163,3.5,mb,,,,,us,usp0000g0x,2014-11-06T23:21:34.919Z,"6 km N of Jordán, Colombia",earthquake,,,,,reviewed,us,us
1976-04-24T01:25:17.500Z,34.112,141.591,43,5.5,ms,,,,,us,usp0000g0w,2025-12-19T20:21:38.140Z,"163 km SE of Katsuura, Japan",earthquake,,,,,reviewed,us,us
1976-04-23T22:29:53.900Z,19.3565,-155.0793333,9.038,4.3,ml,30,83,,0.08,hv,hv19760888,2020-03-31T16:57:59.570Z,"13 km SSE of Fern Forest, Hawaii",earthquake,0.62,0.37,0.09,4,reviewed,hv,hv
1976-04-23T21:25:30.100Z,32.744,137.793,369,3.4,mb,,,,,us,usp0000g0v,2014-11-06T23:21:34.918Z,"201 km ESE of Shing?, Japan",earthquake,,,,,reviewed,us,us
1976-04-23T21:22:53.000Z,62.599,-152.118,33,4.2,mb,,,,,us,usp0000g0u,2014-11-06T23:21:34.918Z,"70 km W of Petersville, Alaska",earthquake,,,,,reviewed,us,us
1976-04-23T20:55:31.700Z,40.333,63.61,33,4.4,mb,,,,,us,usp0000g0t,2014-11-06T23:21:34.917Z,"25 km NNE of Gazli, Uzbekistan",earthquake,,,,,reviewed,us,us
1976-04-23T20:47:38.300Z,6.852,-77.185,225,3.8,mb,,,,,us,usp0000g0s,2014-11-06T23:21:34.916Z,"42 km WSW of Murindó, Colombia",earthquake,,,,,reviewed,us,us
1976-04-23T18:33:06.400Z,-22.197,-179.58,548,4.9,mb,,,,,us,usp0000g0q,2014-11-06T23:21:34.915Z,"south of the Fiji Islands",earthquake,,,,,reviewed,us,us
1976-04-23T17:16:04.200Z,-18.332,-173.65,73,4.8,mb,,,,,us,usp0000g0p,2014-11-06T23:21:34.914Z,"49 km NE of Neiafu, Tonga",earthquake,,,,,reviewed,us,us
1976-04-23T16:35:08.190Z,36.6376667,-121.2591667,10.312,2.89,md,50,43,0.01622,0.06,nc,nc1029499,2016-12-15T06:37:12.750Z,"17 km SSE of Tres Pinos, California",earthquake,0.18,0.33,0.43,16,reviewed,nc,nc
1976-04-23T13:52:52.100Z,4.024,-82.499,33,4.8,mb,,,,,us,usp0000g0n,2014-11-06T23:21:34.913Z,"south of Panama",earthquake,,,,,reviewed,us,us
1976-04-23T09:35:46.400Z,43.334,146.323,52,4.7,mb,,,,,us,usp0000g0m,2014-11-06T23:21:34.912Z,"60 km E of Nemuro, Japan",earthquake,,,,,reviewed,us,us
1976-04-23T09:03:20.550Z,39.0236667,-123.0656667,2.774,2.84,md,29,169,0.03964,0.05,nc,nc1029497,2016-12-15T06:37:03.330Z,"7 km NE of Hopland, California",earthquake,0.29,0.79,0.16,11,reviewed,nc,nc
1976-04-23T08:36:06.900Z,-20.078,-177.838,564,5.1,mb,,,,,us,usp0000g0k,2014-11-06T23:21:34.912Z,"298 km WNW of Haveluloto, Tonga",earthquake,,,,,reviewed,us,us
1976-04-23T05:13:28.900Z,51.332,174.711,33,4.6,mb,,,,,us,usp0000g0j,2014-11-06T23:21:34.911Z,"198 km SSE of Attu Station, Alaska",earthquake,,,,,reviewed,us,us
1976-04-23T04:23:33.100Z,35.546,27.782,77,3.5,mb,,,,,us,usp0000g0h,2014-11-06T23:21:34.911Z,"51 km E of Karpathos, Greece",earthquake,,,,,reviewed,us,us
1976-04-23T04:18:22.000Z,12.22,125.415,33,5,mb,,,,,us,usp0000g0g,2014-11-06T23:21:34.910Z,"5 km SSE of Arteche, Philippines",earthquake,,,,,reviewed,us,us
1976-04-23T03:14:20.400Z,31.35,49.974,45,4.3,mb,,,,,us,usp0000g0f,2014-11-06T23:21:34.909Z,"36 km ENE of R?mhormoz, Iran",earthquake,,,,,reviewed,us,us
1976-04-23T03:07:03.370Z,37.5001667,-118.4538333,2.725,3.3,ml,10,307,0.4703,0.12,nc,nc1029494,2016-12-15T06:36:52.129Z,"11 km NE of Mesa, California",earthquake,3.31,10.61,,0,reviewed,nc,nc
1976-04-23T01:56:48.300Z,40.297,63.766,33,4.7,mb,,,,,us,usp0000g0d,2022-04-27T17:12:19.458Z,"32 km NE of Gazli, Uzbekistan",earthquake,,,,,reviewed,us,us
1976-04-22T19:22:41.200Z,35.537,141.031,61,4.7,mb,,,,,us,usp0000g0c,2014-11-06T23:21:34.907Z,"28 km SE of Hasaki, Japan",earthquake,,,,,reviewed,us,us
1976-04-22T18:33:01.160Z,19.305,-155.3425,9.596,3.54,ml,28,114,,0.13,hv,hv19760883,2020-03-31T16:57:58.790Z,"18 km NE of P?hala, Hawaii",earthquake,0.52,0.63,0.13,2,reviewed,hv,hv
1976-04-22T17:54:47.900Z,12.603,144.019,102,4.9,mb,,,,,us,usp0000g0b,2014-11-06T23:21:34.907Z,"101 km SW of Merizo Village, Guam",earthquake,,,,,reviewed,us,us
1976-04-22T17:50:14.500Z,-5.938,154.807,44,5.4,mb,,,,,us,usp0000g0a,2014-11-06T23:21:34.906Z,"85 km WNW of Panguna, Papua New Guinea",earthquake,,,,,reviewed,us,us
1976-04-22T17:03:07.900Z,28.714,52.128,24,6,mb,,,,,us,usp0000g09,2025-12-19T20:07:34.464Z,"45 km WSW of F?r?z?b?d, Iran",earthquake,,,,,reviewed,us,us
1976-04-22T16:29:16.200Z,19.915,38.571,33,4,mb,,,,,us,usp0000g08,2014-11-06T23:21:34.905Z,"145 km ENE of Port Sudan, Sudan",earthquake,,,,,reviewed,us,us
1976-04-22T15:54:05.070Z,19.5281667,-155.3091667,12.501,3.58,ml,33,61,,0.11,hv,hv19760882,2020-03-31T16:57:58.630Z,"12 km NW of Volcano, Hawaii",earthquake,0.4,0.47,0.2,2,reviewed,hv,hv
1976-04-22T12:26:43.300Z,-29.06,-71.364,65,4.7,mb,,,,,us,usp0000g06,2022-04-27T17:12:17.764Z,"79 km SW of Vallenar, Chile",earthquake,,,,,reviewed,us,us
1976-04-22T11:07:00.800Z,3.913,-85.823,33,4.7,mb,,,,,us,usp0000g05,2014-11-06T23:21:34.903Z,"off the coast of Central America",earthquake,,,,,reviewed,us,us
1976-04-22T04:21:39.100Z,43.636,-127.005,33,4.2,mb,,,,,us,usp0000g04,2014-11-06T23:21:34.902Z,"218 km WNW of Bandon, Oregon",earthquake,,,,,reviewed,us,us
1976-04-22T04:13:35.960Z,18.8136667,-155.0375,12.43,4.44,ml,32,274,,0.15,hv,hv19760879,2020-05-23T02:51:08.986Z,"63 km SE of P?hala, Hawaii",earthquake,3.81,17.55,0.1,2,reviewed,hv,hv
1976-04-22T03:30:00.720Z,36.3743333,-120.6056667,24.231,3.25,md,10,140,0.1721,0.11,nc,nc1029489,2016-12-15T06:36:34.069Z,"23 km SW of Three Rocks, California",earthquake,0.7,3.12,0.22,3,reviewed,nc,nc
1976-04-22T00:59:02.300Z,43.29,17.34,34,3.1,mb,,,,,us,usp0000g02,2014-11-06T23:21:34.901Z,"7 km S of Drinovci, Bosnia and Herzegovina",earthquake,,,,,reviewed,us,us
1976-04-21T23:47:00.400Z,34.003,-119.107,1.37,2.83,ml,0,171,,0.286,ci,ci3005748,2016-01-29T21:32:28.000Z,"18km SSE of Port Hueneme, CA",earthquake,,0.766,,6,reviewed,ci,ci
1976-04-21T23:18:33.900Z,40.445,63.571,33,4,mb,,,,,us,usp0000g01,2014-11-06T23:21:34.901Z,"36 km NNE of Gazli, Uzbekistan",earthquake,,,,,reviewed,us,us
1976-04-21T22:33:29.800Z,40.55,63.846,33,4.1,mb,,,,,us,usp0000g00,2014-11-06T23:21:34.900Z,"57 km NE of Gazli, Uzbekistan",earthquake,,,,,reviewed,us,us
1976-04-21T22:08:46.700Z,32.231,85.483,33,4.2,mb,,,,,us,usp0000fzz,2014-11-06T23:21:34.899Z,"western Xizang",earthquake,,,,,reviewed,us,us
1976-04-21T21:58:06.700Z,40.626,42.004,56,4.3,mb,,,,,us,usp0000fzy,2014-11-06T23:21:34.899Z,"9 km N of Oltu, Turkey",earthquake,,,,,reviewed,us,us
1976-04-21T20:25:58.400Z,-24.877,179.943,501,5.4,mb,,,,,us,usp0000fzx,2014-11-06T23:21:34.898Z,"south of the Fiji Islands",earthquake,,,,,reviewed,us,us
1976-04-21T20:00:18.900Z,43.403,17.49,32,5.5,mb,,,,,us,usp0000fzw,2020-08-26T00:58:09.488Z,"1 km NNE of Ko?erin, Bosnia and Herzegovina",earthquake,,,,,reviewed,us,us
1976-04-21T19:45:56.800Z,23.982,122.399,36,4.9,mb,,,,,us,usp0000fzv,2014-11-06T23:21:34.897Z,"80 km E of Hualien City, Taiwan",earthquake,,,,,reviewed,us,us
1976-04-21T19:41:20.100Z,24.004,122.306,38,5.4,mb,,,,,us,usp0000fzu,2026-01-07T18:58:42.657Z,"71 km E of Hualien City, Taiwan",earthquake,,,,,reviewed,us,us
1976-04-21T19:09:59.600Z,10.281,92.875,33,5.7,mb,,,,,us,usp0000fzt,2014-11-06T23:21:34.896Z,"153 km S of Port Blair, India",earthquake,,,,,reviewed,us,us
1976-04-21T18:55:48.600Z,6.29,126.795,116,5,mb,,,,,us,usp0000fzs,2014-11-06T23:21:34.895Z,"68 km E of Pondaguitan, Philippines",earthquake,,,,,reviewed,us,us
1976-04-21T17:16:44.700Z,37.806,20.37,33,3.6,mb,,,,,us,usp0000fzr,2014-11-06T23:21:34.894Z,"34 km W of Katastárion, Greece",earthquake,,,,,reviewed,us,us
1976-04-21T14:41:34.600Z,40.259,63.808,33,5,mb,,,,,us,usp0000fzq,2022-04-27T17:12:16.237Z,"33 km ENE of Gazli, Uzbekistan",earthquake,,,,,reviewed,us,us
1976-04-21T14:03:39.600Z,-6.808,154.851,52,4.6,mb,,,,,us,usp0000fzp,2014-11-06T23:21:34.893Z,"88 km SW of Panguna, Papua New Guinea",earthquake,,,,,reviewed,us,us
1976-04-21T05:02:57.400Z,49.932,78.824,0,5.3,mb,,,,,us,usp0000fzk,2017-04-26T17:29:21.311Z,"93 km SSE of Kurchatov, Kazakhstan",nuclear explosion,,,,,reviewed,us,us
1976-04-21T04:57:57.600Z,49.818,78.198,0,5.1,mb,,,,,us,usp0000fzj,2015-06-16T15:38:14.626Z,"107 km SSW of Kurchatov, Kazakhstan",nuclear explosion,,,,,reviewed,us,us
1976-04-21T03:51:35.900Z,33.728,46.966,33,4.7,mb,,,,,us,usp0000fzg,2014-11-06T23:21:34.889Z,"51 km E of ?l?m, Iran",earthquake,,,,,reviewed,us,us
1976-04-21T03:41:54.040Z,32.125,-115.519,14.27,2.62,mh,0,233.3,0.5515,0.421,ci,ci3002863,2016-01-29T21:01:09.290Z,"35km WSW of Alberto Oviedo Mota, B.C., MX",earthquake,,3.407,,10,reviewed,ci,ci
1976-04-21T01:56:35.490Z,36.2443333,-120.7971667,8.421,2.53,md,11,124,0.02883,0.03,nc,nc1029478,2016-12-15T06:35:52.143Z,"23 km ENE of San Lucas, California",earthquake,0.41,1.11,0.2,3,reviewed,nc,nc
1976-04-20T21:36:35.400Z,20.917,120.102,33,4.5,mb,,,,,us,usp0000fzf,2014-11-06T23:21:34.888Z,"137 km SSW of Hengchun, Taiwan",earthquake,,,,,reviewed,us,us
1976-04-20T20:36:12.100Z,-16.073,-175.331,331,4.4,mb,,,,,us,usp0000fze,2014-11-06T23:21:34.887Z,"164 km W of Hihifo, Tonga",earthquake,,,,,reviewed,us,us
1976-04-20T20:23:42.100Z,43.263,148.228,33,4.7,mb,,,,,us,usp0000fzd,2014-11-06T23:21:34.886Z,"135 km ESE of Shikotan, Russia",earthquake,,,,,reviewed,us,us
1976-04-20T19:44:30.900Z,47.279,154.148,33,5.1,mb,,,,,us,usp0000fzc,2014-11-06T23:21:34.886Z,"Kuril Islands",earthquake,,,,,reviewed,us,us
1976-04-20T19:26:18.810Z,19.3305,-155.197,7.163,2.66,ml,23,85,,0.09,hv,hv19760874,2020-03-31T16:57:57.380Z,"13 km SSE of Volcano, Hawaii",earthquake,0.53,0.94,,1,reviewed,hv,hv
1976-04-20T17:11:03.250Z,19.352,-155.2533333,8.973,3.67,ml,31,65,,0.09,hv,hv19760873,2020-03-31T16:57:57.220Z,"10 km SSW of Volcano, Hawaii",earthquake,0.49,0.31,0.11,2,reviewed,hv,hv
1976-04-20T14:27:20.600Z,60.408,-140.649,33,4.8,mb,,,,,us,usp0000fz9,2022-04-27T17:12:14.679Z,"108 km NNW of Yakutat, Alaska",earthquake,,,,,reviewed,us,us
1976-04-20T12:14:36.000Z,-6.684,154.459,21,5,mb,,,,,us,usp0000fz8,2014-11-06T23:21:34.883Z,"120 km WSW of Panguna, Papua New Guinea",earthquake,,,,,reviewed,us,us
1976-04-20T11:47:40.300Z,14.984,-45.13,33,5.2,mb,,,,,us,usp0000fz7,2014-11-06T23:21:34.883Z,"northern Mid-Atlantic Ridge",earthquake,,,,,reviewed,us,us
1976-04-20T11:44:52.330Z,19.3321667,-155.1998333,7.333,2.83,ml,27,81,,0.11,hv,hv19760871,2020-03-31T16:57:56.920Z,"12 km SSE of Volcano, Hawaii",earthquake,0.44,0.64,0.15,2,reviewed,hv,hv
1976-04-20T09:59:56.800Z,28.374,-111.956,33,4.7,mb,,,,,us,usp0000fz6,2014-11-06T23:21:34.882Z,"49 km S of Bahía de Kino, Mexico",earthquake,,,,,reviewed,us,us
1976-04-20T09:27:44.500Z,47.219,154.134,33,5.2,mb,,,,,us,usp0000fz5,2014-11-06T23:21:34.881Z,"Kuril Islands",earthquake,,,,,reviewed,us,us
1976-04-20T09:04:25.200Z,-7.072,154.692,30,4.8,mb,,,,,us,usp0000fz4,2014-11-06T23:21:34.880Z,"121 km SW of Panguna, Papua New Guinea",earthquake,,,,,reviewed,us,us
1976-04-20T08:30:35.700Z,-7.215,155.086,33,5.5,ms,,,,,us,usp0000fz3,2025-12-19T20:21:37.445Z,"108 km SSW of Panguna, Papua New Guinea",earthquake,,,,,reviewed,us,us
1976-04-20T07:59:53.800Z,53.534,-165.465,46,5.5,ms,,,,,us,usp0000fz2,2014-11-06T23:21:34.879Z,"69 km SSE of Akutan, Alaska",earthquake,,,,,reviewed,us,us
1976-04-20T06:04:17.700Z,-17.789,-178.654,523,4.7,mb,,,,,us,usp0000fz1,2014-11-06T23:21:34.878Z,"217 km E of Levuka, Fiji",earthquake,,,,,reviewed,us,us
1976-04-20T04:57:17.800Z,40.759,42.086,31,4.5,mb,,,,,us,usp0000fyz,2014-11-06T23:21:34.876Z,"7 km SSW of Olur, Turkey",earthquake,,,,,reviewed,us,us
1976-04-20T03:25:38.300Z,22.834,121.217,71,4.1,mb,,,,,us,usp0000fyy,2014-11-06T23:21:34.876Z,"Taiwan region",earthquake,,,,,reviewed,us,us
1976-04-20T02:59:36.200Z,44.318,-129.729,33,4.5,mb,,,,,us,usp0000fyx,2014-11-06T23:21:34.875Z,"off the coast of Oregon",earthquake,,,,,reviewed,us,us
1976-04-20T02:53:55.380Z,37.505,-121.8351667,4.187,2.57,md,47,63,0.03423,0.06,nc,nc1029472,2016-12-15T06:35:28.720Z,"10 km NE of Milpitas, California",earthquake,0.15,0.35,0.16,9,reviewed,nc,nc
1976-04-20T02:01:25.100Z,37.393,135.138,388,4.4,mb,,,,,us,usp0000fyw,2014-11-06T23:21:34.874Z,"156 km WNW of Hakui, Japan",earthquake,,,,,reviewed,us,us
1976-04-20T00:54:23.900Z,9.758,-69.327,64,4.1,mb,,,,,us,usp0000fyv,2014-11-06T23:21:34.874Z,"21 km NNW of Araure, Venezuela",earthquake,,,,,reviewed,us,us
1976-04-19T23:16:01.900Z,-25.202,-68.898,93,4.3,mb,,,,,us,usp0000fyu,2014-11-06T23:21:34.873Z,"161 km E of Taltal, Chile",earthquake,,,,,reviewed,us,us
1976-04-19T22:50:29.000Z,44.788,-111.555,5,2.9,ml,,,,,us,usp0000fyt,2014-11-06T23:21:34.872Z,"28 km W of Hebgen Lake Estates, Montana",earthquake,,,,,reviewed,us,erda
1976-04-19T22:40:47.890Z,39.0863333,-122.4001667,3.424,2.52,md,16,240,0.1577,0.06,nc,nc1029470,2016-12-15T06:35:17.233Z,"22 km WSW of Williams, California",earthquake,0.63,2.24,0.2,7,reviewed,nc,nc
1976-04-19T22:05:52.000Z,44.755,-111.172,5,3.3,ml,,,,,us,usp0000fys,2014-11-06T23:21:34.872Z,"2 km SE of Hebgen Lake Estates, Montana",earthquake,,,,,reviewed,us,erda
1976-04-19T21:47:29.500Z,36.101,137.291,263,3.4,mb,,,,,us,usp0000fyr,2014-11-06T23:21:34.871Z,"5 km SE of Takayama, Japan",earthquake,,,,,reviewed,us,us
1976-04-19T20:48:22.460Z,36.45,-121.0133333,0.929,2.98,md,17,77,0.02613,0.08,nc,nc1029468,2016-12-15T06:35:09.389Z,"25 km NE of Greenfield, California",earthquake,0.34,1.31,0.43,5,reviewed,nc,nc
1976-04-19T20:48:21.300Z,12.028,92.861,33,4.1,mb,,,,,us,usp0000fyq,2014-11-06T23:21:34.871Z,"39 km NNE of Bamboo Flat, India",earthquake,,,,,reviewed,us,us
1976-04-19T19:06:11.200Z,4.132,124.806,303,5.5,mb,,,,,us,usp0000fyp,2025-12-19T20:21:36.755Z,"158 km SSW of Sarangani, Philippines",earthquake,,,,,reviewed,us,us
1976-04-19T17:05:45.200Z,36.6165,-121.2248333,6.052,3.23,md,48,29,0.02162,0.08,nc,nc1029466,2016-12-15T06:35:00.500Z,"21 km SSE of Tres Pinos, California",earthquake,0.18,0.46,0.61,16,reviewed,nc,nc
1976-04-19T15:35:02.700Z,31.977,-116.24,6,3.4,ml,0,253.6,,0.392,ci,ci3002849,2016-01-29T21:24:29.310Z,"38km ENE of Ensenada, B.C., MX",earthquake,,,,3,reviewed,ci,ci
1976-04-19T14:36:49.700Z,-18.615,169.303,236,5,mb,,,,,us,usp0000fyk,2014-11-06T23:21:34.868Z,"102 km N of Isangel, Vanuatu",earthquake,,,,,reviewed,us,us
1976-04-19T14:08:58.000Z,31.777,132.62,32,4.2,mb,,,,,us,usp0000fyj,2014-11-06T23:21:34.867Z,"113 km ESE of Takanabe, Japan",earthquake,,,,,reviewed,us,us
1976-04-19T14:02:53.700Z,40.053,143.702,30,3.8,mb,,,,,us,usp0000fyh,2014-11-06T23:21:34.866Z,"157 km ENE of Miyako, Japan",earthquake,,,,,reviewed,us,us
1976-04-19T13:58:23.500Z,40.076,143.493,33,4.7,mb,,,,,us,usp0000fyg,2014-11-06T23:21:34.866Z,"141 km ENE of Miyako, Japan",earthquake,,,,,reviewed,us,us
1976-04-19T11:49:15.600Z,36.559,70.912,223,4.6,mb,,,,,us,usp0000fyf,2014-11-06T23:21:34.865Z,"34 km SSE of Jurm, Afghanistan",earthquake,,,,,reviewed,us,us
1976-04-19T11:15:15.500Z,9.455,-84.254,36,5.2,ms,,,,,us,usp0000fye,2022-04-27T17:12:05.156Z,"10 km SE of Parrita, Costa Rica",earthquake,,,,,reviewed,us,us
1976-04-19T11:09:10.260Z,36.5561667,-121.1496667,6.801,2.65,md,37,54,0.03784,0.06,nc,nc1029463,2016-12-15T06:34:45.570Z,"21 km NE of Soledad, California",earthquake,0.17,0.49,0.22,10,reviewed,nc,nc
1976-04-19T10:53:17.800Z,55.037,-162.504,54,4.3,mb,,,,,us,usp0000fyd,2014-11-06T23:21:34.864Z,"12 km WSW of King Cove, Alaska",earthquake,,,,,reviewed,us,us
1976-04-19T10:50:53.300Z,40.172,143.244,17,5.5,ms,,,,,us,usp0000fyc,2025-12-19T20:21:35.886Z,"125 km ENE of Miyako, Japan",earthquake,,,,,reviewed,us,us
1976-04-19T09:12:14.160Z,19.3413333,-155.215,8.664,2.64,ml,21,65,,0.04,hv,hv19760866,2020-03-31T16:57:56.150Z,"11 km S of Volcano, Hawaii",earthquake,0.51,0.82,,1,reviewed,hv,hv
1976-04-19T07:59:22.290Z,19.3953333,-155.2641667,1.979,2.56,ml,17,104,,0.06,hv,hv19760865,2020-03-31T16:57:56.000Z,"6 km SSW of Volcano, Hawaii",earthquake,0.33,0.41,0.08,1,reviewed,hv,hv
1976-04-19T07:02:17.300Z,-8.512,148.262,30,5.2,mb,,,,,us,usp0000fyb,2014-11-06T23:21:34.863Z,"28 km N of Popondetta, Papua New Guinea",earthquake,,,,,reviewed,us,us
1976-04-19T04:42:42.200Z,36.134,-99.841,5,3.5,,,,,,us,usp0000fya,2014-11-06T23:21:34.862Z,"5 km W of Arnett, Oklahoma",earthquake,,,,,reviewed,us,tul
1976-04-19T04:15:30.180Z,36.9203333,-121.4266667,6.985,2.96,md,71,44,0.01892,0.11,nc,nc1029460,2016-12-15T06:34:25.250Z,"7 km NNW of Hollister, California",earthquake,0.18,0.4,0.41,17,reviewed,nc,nc
1976-04-19T03:13:24.820Z,32.229,-115.52,19.51,2.69,mh,0,228.1,0.454,0.416,ci,ci3002846,2016-01-29T21:40:30.410Z,"33km W of Alberto Oviedo Mota, B.C., MX",earthquake,,78.87,,10,reviewed,ci,ci
1976-04-19T00:58:16.140Z,19.3828333,-155.2441667,1.966,2.83,ml,16,66,,0.06,hv,hv19760863,2020-03-31T16:57:55.700Z,"6 km S of Volcano, Hawaii",earthquake,0.32,0.43,0.13,1,reviewed,hv,hv
1976-04-19T00:34:17.800Z,18.748,146.576,72,4.7,mb,,,,,us,usp0000fy9,2014-11-06T23:21:34.861Z,"Pagan region, Northern Mariana Islands",earthquake,,,,,reviewed,us,us
1976-04-19T00:27:52.400Z,35.671,24.65,74,4.8,mb,,,,,us,usp0000fy8,2014-11-06T23:21:34.861Z,"28 km N of Pánormos, Greece",earthquake,,,,,reviewed,us,us
1976-04-18T23:05:55.500Z,44.722,-111.765,11,3.2,ml,,,,,us,usp0000fy7,2014-11-06T23:21:34.860Z,"45 km NW of Island Park, Idaho",earthquake,,,,,reviewed,us,erda
1976-04-18T22:37:39.700Z,40.265,63.812,33,4.7,mb,,,,,us,usp0000fy6,2014-11-06T23:21:34.860Z,"33 km ENE of Gazli, Uzbekistan",earthquake,,,,,reviewed,us,us
1976-04-18T22:34:48.210Z,32.146,-115.463,6,2.64,mh,0,253.9,0.5491,0.595,ci,ci3002844,2016-01-29T21:16:28.830Z,"29km WSW of Alberto Oviedo Mota, B.C., MX",earthquake,,,,6,reviewed,ci,ci
1976-04-18T20:31:56.870Z,19.3938333,-155.2646667,1.769,2.89,ml,16,101,,0.09,hv,hv19760861,2020-03-31T16:57:55.410Z,"6 km SSW of Volcano, Hawaii",earthquake,0.38,0.45,0.11,1,reviewed,hv,hv
1976-04-18T19:40:20.500Z,-25.837,-68.774,113,5.6,mb,,,,,us,usp0000fy4,2022-04-27T17:11:55.222Z,"139 km W of Antofagasta de la Sierra, Argentina",earthquake,,,,,reviewed,us,us
1976-04-18T17:29:48.110Z,19.3423333,-155.191,8.814,3.21,ml,26,75,,0.07,hv,hv19760860,2020-03-31T16:57:55.210Z,"Island of Hawaii, Hawaii",earthquake,0.45,0.56,0.06,1,reviewed,hv,hv
1976-04-18T14:20:46.300Z,45.527,148.084,117,4.5,mb,,,,,us,usp0000fy0,2014-11-06T23:21:34.856Z,"37 km NNE of Kuril’sk, Russia",earthquake,,,,,reviewed,us,us
1976-04-18T13:08:46.230Z,34.04,-117.062,4.73,2.5,md,0,75.8,,0.099,ci,ci3005932,2016-01-29T21:01:17.000Z,"2km WNW of Yucaipa, CA",earthquake,,0.27,,0,reviewed,ci,ci
1976-04-18T12:19:18.300Z,-34.343,-72.229,36,4.3,mb,,,,,us,usp0000fxz,2014-11-06T23:21:34.855Z,"85 km WNW of Santa Cruz, Chile",earthquake,,,,,reviewed,us,us
1976-04-18T11:21:26.500Z,-20.534,-178.548,613,4.5,mb,,,,,us,usp0000fxy,2014-11-06T23:21:34.854Z,"Fiji region",earthquake,,,,,reviewed,us,us
1976-04-18T10:52:43.600Z,-8.385,-75.008,135,4.7,mb,,,,,us,usp0000fxx,2014-11-06T23:21:34.854Z,"24 km WNW of Campo Verde, Peru",earthquake,,,,,reviewed,us,us
1976-04-18T09:23:33.600Z,48.348,154.37,69,4.3,mb,,,,,us,usp0000fxv,2014-11-06T23:21:34.852Z,"288 km SSW of Severo-Kuril’sk, Russia",earthquake,,,,,reviewed,us,us
1976-04-18T07:22:08.200Z,60.087,-152.736,100,4.3,mb,,,,,us,usp0000fxt,2014-11-06T23:21:34.851Z,"58 km WNW of Happy Valley, Alaska",earthquake,,,,,reviewed,us,us
1976-04-18T05:12:51.100Z,37.269,-118.649,5,3.1,ml,,,,,us,usp0000fxs,2016-01-29T21:01:14.990Z,"17 km SSW of Round Valley, California",earthquake,,,,,reviewed,us,brk
1976-04-18T05:11:52.570Z,37.33,-118.6128333,2.519,3.1,ml,9,322,0.5937,0.09,nc,nc1029454,2016-12-15T06:34:00.660Z,"10 km SSW of Round Valley, California",earthquake,2.81,8.65,,0,reviewed,nc,nc
1976-04-18T03:21:05.100Z,-6.928,129.619,33,4.6,mb,,,,,us,usp0000fxr,2014-11-06T23:21:34.850Z,"Banda Sea",earthquake,,,,,reviewed,us,us
1976-04-18T00:21:24.500Z,-53.163,25.316,33,5.4,ms,,,,,us,usp0000fxq,2025-12-19T20:21:34.950Z,"south of Africa",earthquake,,,,,reviewed,us,us
1976-04-17T20:52:15.000Z,-28.492,-12.712,33,4.8,mb,,,,,us,usp0000fxn,2014-11-06T23:21:34.848Z,"southern Mid-Atlantic Ridge",earthquake,,,,,reviewed,us,us
1976-04-17T20:21:47.200Z,40.446,63.686,33,4,mb,,,,,us,usp0000fxm,2014-11-06T23:21:34.847Z,"40 km NNE of Gazli, Uzbekistan",earthquake,,,,,reviewed,us,us
1976-04-17T19:01:19.780Z,32.758,-115.415,12.59,2.8,mh,0,130.5,0.1051,0.253,ci,ci3002838,2016-01-29T21:09:04.130Z,"7km SSW of Holtville, CA",earthquake,,0.63,,16,reviewed,ci,ci
1976-04-17T18:08:49.160Z,32.752,-115.413,12.86,2.81,mh,0,133.5,0.1112,0.24,ci,ci3002836,2016-01-29T21:24:28.280Z,"7km SSW of Holtville, CA",earthquake,,0.685,,15,reviewed,ci,ci
1976-04-17T16:07:00.000Z,14.878,-94.73,3,4.3,mb,,,,,us,usp0000fxh,2014-11-06T23:21:34.845Z,"149 km SSE of El Carrizal, Mexico",earthquake,,,,,reviewed,us,us
1976-04-17T15:36:02.500Z,-14.906,167.126,130,5,mb,,,,,us,usp0000fxg,2014-11-06T23:21:34.845Z,"16 km NNE of Port-Olry, Vanuatu",earthquake,,,,,reviewed,us,us
1976-04-17T13:51:35.300Z,32.125,-115.49,14.35,3.6,ml,0,232.3,0.5598,0.392,ci,ci3005705,2016-01-29T21:01:14.490Z,"32km WSW of Alberto Oviedo Mota, B.C., MX",earthquake,,2.83,,5,reviewed,ci,ci
1976-04-17T13:47:55.100Z,40.303,63.635,32,4,mb,,,,,us,usp0000fxe,2014-11-06T23:21:34.843Z,"24 km NE of Gazli, Uzbekistan",earthquake,,,,,reviewed,us,us
1976-04-17T12:16:00.780Z,19.3273333,-155.1245,8.778,2.57,ml,30,99,,0.08,hv,hv19760858,2020-03-31T16:57:54.910Z,"Island of Hawaii, Hawaii",earthquake,0.48,0.54,0.02,2,reviewed,hv,hv
1976-04-17T12:11:14.200Z,40.37,63.754,33,4.4,mb,,,,,us,usp0000fxc,2014-11-06T23:21:34.841Z,"36 km NE of Gazli, Uzbekistan",earthquake,,,,,reviewed,us,us
1976-04-17T09:05:09.570Z,32.298,-115.52,6,2.58,mh,0,254,0.9519,0.975,ci,ci3002834,2016-01-29T21:48:59.410Z,"31km WSW of Delta, B.C., MX",earthquake,,,,6,reviewed,ci,ci
1976-04-17T06:08:44.500Z,64.902,-148.31,33,4,ml,,,,,us,usp0000fxb,2014-11-06T23:21:34.841Z,"15 km WNW of Ester, Alaska",earthquake,,,,,reviewed,us,pmr
1976-04-17T05:06:07.900Z,30.647,137.641,452,4.6,mb,,,,,us,usp0000fxa,2014-11-06T23:21:34.840Z,"Izu Islands, Japan region",earthquake,,,,,reviewed,us,us
1976-04-17T04:16:20.380Z,34.002,-116.721,13.51,2.9,ml,0,44.6,,0.244,ci,ci3005701,2016-01-29T21:32:26.950Z,"11km NNE of Cabazon, CA",earthquake,,0.304,,7,reviewed,ci,ci
1976-04-17T04:14:47.330Z,32.086,-115.465,14,2.69,mh,0,236.6,0.6037,0.441,ci,ci3005697,2016-01-29T21:49:05.120Z,"32km WSW of Alberto Oviedo Mota, B.C., MX",earthquake,,3.616,,7,reviewed,ci,ci
1976-04-17T02:11:44.200Z,45.1585,-120.8473333,14.685,4,md,32,185,,1.1,uw,uw10841168,2016-07-25T00:21:11.920Z,"18 km E of Maupin, Oregon",earthquake,0.474,0.33,0.1,1,reviewed,uw,uw
1976-04-17T01:43:23.500Z,38.872,23.357,33,2.8,ml,,,,,us,usp0000fx7,2014-11-06T23:21:34.838Z,"12 km NNE of Límni, Greece",earthquake,,,,,reviewed,us,ath
1976-04-17T01:02:39.000Z,37.667,138.175,44,4.4,mb,,,,,us,usp0000fx6,2014-11-06T23:21:34.838Z,"47 km NW of Kashiwazaki, Japan",earthquake,,,,,reviewed,us,us
1976-04-17T00:20:28.600Z,6.355,97.655,74,5.4,mb,,,,,us,usp0000fx5,2014-11-06T23:21:34.837Z,"141 km NNE of Lhokseumawe, Indonesia",earthquake,,,,,reviewed,us,us
1976-04-16T23:23:01.800Z,36.744,54.116,5,4.3,,,,,,us,usp0000fx4,2014-11-06T23:21:34.837Z,"31 km WSW of Gorg?n, Iran",earthquake,,,,,reviewed,us,hfs
1976-04-16T21:20:45.000Z,56.144,163.621,33,4.5,mb,,,,,us,usp0000fx3,2014-11-06T23:21:34.836Z,"near the east coast of the Kamchatka Peninsula, Russia",earthquake,,,,,reviewed,us,us
1976-04-16T20:15:15.100Z,32.871,76.011,92,4,mb,,,,,us,usp0000fx2,2014-11-06T23:21:34.835Z,"29 km ESE of Bhadarw?h, India",earthquake,,,,,reviewed,us,us
1976-04-16T19:46:45.990Z,36.155,-117.93,6,2.53,ml,0,147.5,0.3091,0.34,ci,ci3005693,2016-01-29T21:32:26.440Z,"12km N of Coso Junction, CA",earthquake,,,,4,reviewed,ci,ci
1976-04-16T19:46:27.590Z,33.231,-118.503,10.57,2.84,ml,0,162.1,,0.307,ci,ci3005570,2016-01-29T21:40:35.720Z,"20km SW of Avalon, CA",earthquake,,1.514,,5,reviewed,ci,ci
1976-04-16T19:09:25.660Z,32.882,-115.49,6.27,2.6,mh,0,90.6,0.04425,0.33,ci,ci3005926,2016-01-29T21:32:28.530Z,"8km ENE of Imperial, CA",earthquake,,0.688,,4,reviewed,ci,ci
1976-04-16T18:59:44.200Z,36.107,-99.875,5,3.4,,,,,,us,usp0000fwz,2014-11-06T23:21:34.833Z,"9 km WSW of Arnett, Oklahoma",earthquake,,,,,reviewed,us,tul
1976-04-16T17:47:00.400Z,7.335,94.348,21,5,mb,,,,,us,usp0000fwy,2014-11-06T23:21:34.833Z,"192 km NW of Sabang, Indonesia",earthquake,,,,,reviewed,us,us
1976-04-16T17:22:43.600Z,38.383,22.208,33,3,ml,,,,,us,usp0000fwx,2014-11-06T23:21:34.832Z,"15 km W of Galaxídhion, Greece",earthquake,,,,,reviewed,us,ath
1976-04-16T17:11:50.780Z,39.5033333,-121.4925,4.52,3.42,md,18,56,0.01802,0.07,nc,nc1029443,2016-12-15T06:33:19.166Z,"Northern California",earthquake,0.32,0.58,0.07,4,reviewed,nc,nc
1976-04-16T17:07:30.900Z,36.542,-120.7023333,10.67,4.16,md,39,208,0.1414,0.09,nc,nc1029441,2016-12-15T06:33:11.080Z,"28 km W of Three Rocks, California",earthquake,0.51,0.64,0.66,4,reviewed,nc,nc
1976-04-16T17:07:02.200Z,40.328,143.885,33,4.9,mb,,,,,us,usp0000fww,2025-12-19T20:21:34.282Z,"182 km ENE of Miyako, Japan",earthquake,,,,,reviewed,us,us
1976-04-16T17:01:43.300Z,7.499,94.599,33,4.8,mb,,,,,us,usp0000fwv,2014-11-06T23:21:34.831Z,"194 km NNW of Sabang, Indonesia",earthquake,,,,,reviewed,us,us
1976-04-16T16:51:31.200Z,7.494,94.398,22,5.2,mb,,,,,us,usp0000fwt,2025-12-19T20:21:33.501Z,"204 km NNW of Sabang, Indonesia",earthquake,,,,,reviewed,us,us
1976-04-16T15:55:25.400Z,-14.431,172.004,620,5,mb,,,,,us,usp0000fws,2014-11-06T23:21:34.829Z,"Vanuatu region",earthquake,,,,,reviewed,us,us
1976-04-16T15:47:02.920Z,34.356,-118.714,18.93,2.5,md,0,214.5,,0.116,ci,ci3005925,2016-01-29T21:56:51.180Z,"10km NNE of Simi Valley, CA",earthquake,,1.15,,0,reviewed,ci,ci
1976-04-16T15:17:14.700Z,34.924,26.438,59,3.5,mb,,,,,us,usp0000fwr,2014-11-06T23:21:34.829Z,"34 km SSE of Palekastro, Greece",earthquake,,,,,reviewed,us,us
1976-04-16T15:08:28.300Z,45.631,-111.617,5,3,ml,,,,,us,usp0000fwq,2014-11-06T23:21:34.828Z,"15 km ESE of Harrison, Montana",earthquake,,,,,reviewed,us,erda
1976-04-16T13:38:05.260Z,19.478,-154.9143333,1.475,2.5,md,13,157,,0.12,hv,hv19760855,2020-03-31T16:57:54.470Z,"0 km NNE of Leilani Estates, Hawaii",earthquake,1.39,1.9,0.05,3,reviewed,hv,hv
1976-04-16T12:09:28.910Z,19.4405,-154.9036667,7.704,2.56,ml,22,230,,0.11,hv,hv19760854,2020-03-31T16:57:54.320Z,"3 km SSE of Leilani Estates, Hawaii",earthquake,1.3,0.36,,1,reviewed,hv,hv
1976-04-16T09:19:02.450Z,36.0141667,-120.1506667,10.59,3.37,md,22,271,0.173,0.08,nc,nc1029438,2016-12-15T06:32:55.275Z,"2 km WNW of Avenal, California",earthquake,1.3,0.72,0.54,9,reviewed,nc,nc
1976-04-16T07:47:49.200Z,39.29,24.592,33,3,ml,,,,,us,usp0000fwp,2014-11-06T23:21:34.827Z,"42 km N of Skýros, Greece",earthquake,,,,,reviewed,us,ath
1976-04-16T05:37:07.980Z,37.0113333,-121.708,11.259,2.76,md,37,44,0.04414,0.07,nc,nc1029436,2016-12-15T06:32:47.820Z,"7 km NNE of Interlaken, California",earthquake,0.21,0.53,0.52,9,reviewed,nc,nc
1976-04-16T04:31:43.000Z,7.631,94.408,33,4.4,mb,,,,,us,usp0000fwm,2014-11-06T23:21:34.826Z,"217 km NNW of Sabang, Indonesia",earthquake,,,,,reviewed,us,us
1976-04-16T04:09:20.600Z,-25.229,-176.076,33,4.7,mb,,,,,us,usp0000fwk,2014-11-06T23:21:34.825Z,"south of the Fiji Islands",earthquake,,,,,reviewed,us,us
1976-04-16T02:36:45.800Z,40.398,63.682,33,3.8,mb,,,,,us,usp0000fwj,2014-11-06T23:21:34.824Z,"35 km NNE of Gazli, Uzbekistan",earthquake,,,,,reviewed,us,us
1976-04-16T01:50:06.700Z,36.2253333,-120.7908333,5.371,3.03,md,19,122,0.01081,0.1,nc,nc1029434,2016-12-15T06:32:40.616Z,"23 km ENE of San Lucas, California",earthquake,0.33,0.34,0.43,8,reviewed,nc,nc
1976-04-16T00:44:23.460Z,31.843,-117.093,6,2.77,mh,0,336.6,0.9076,0.162,ci,ci3002829,2016-01-29T21:32:21.740Z,"39km W of El Sauzal, B.C., MX",earthquake,,,,4,reviewed,ci,ci
1976-04-16T00:42:20.600Z,63.498,-146.87,33,3,ml,,,,,us,usp0000fwh,2014-11-06T23:21:34.824Z,"77 km NW of Paxson, Alaska",earthquake,,,,,reviewed,us,pmr
1976-04-15T22:48:32.260Z,33.858,-115.456,0,2.69,mh,0,83,0.01739,0.27,ci,ci3002828,2016-01-29T21:32:21.270Z,"17km NNW of Desert Center, CA",quarry blast,,,,10,reviewed,ci,ci
1976-04-15T21:57:37.230Z,36.0368333,-120.1136667,8.79,2.53,md,11,265,0.2108,0.06,nc,nc1029429,2016-12-15T06:32:22.373Z,"3 km NNE of Avenal, California",earthquake,1.76,1.1,0.03,3,reviewed,nc,nc
1976-04-15T19:09:31.700Z,63.801,-147.693,39,3,ml,,,,,us,usp0000fwg,2014-11-06T23:21:34.823Z,"Central Alaska",earthquake,,,,,reviewed,us,pmr
1976-04-15T17:48:09.200Z,-14.756,-76.031,43,4.9,mb,,,,,us,usp0000fwf,2014-11-06T23:21:34.823Z,"72 km SSW of Santiago, Peru",earthquake,,,,,reviewed,us,us
1976-04-15T17:33:05.110Z,19.3765,-155.2408333,1.556,2.56,ml,15,72,,0.05,hv,hv19760847,2020-03-31T16:57:53.170Z,"7 km S of Volcano, Hawaii",earthquake,0.31,0.44,0.03,1,reviewed,hv,hv
1976-04-15T16:35:15.700Z,40.395,63.381,33,3.9,mb,,,,,us,usp0000fwe,2014-11-06T23:21:34.822Z,"30 km NNW of Gazli, Uzbekistan",earthquake,,,,,reviewed,us,us
1976-04-15T14:41:35.420Z,32.128,-117.591,6,3.03,mh,0,307.1,0.8673,0.313,ci,ci3002824,2016-01-29T21:48:58.920Z,"57km WSW of Rosarito, B.C., MX",earthquake,,,,6,reviewed,ci,ci
1976-04-15T13:24:47.230Z,36.8936667,-121.4758333,8.123,3.11,md,35,47,0.04054,0.14,nc,nc1029427,2016-12-15T06:32:13.450Z,"7 km NE of San Juan Bautista, California",earthquake,0.27,0.64,0.41,6,reviewed,nc,nc
1976-04-15T13:12:34.880Z,34.366,-118.687,14.23,2.96,ml,0,68.4,,0.243,ci,ci3005565,2016-01-29T21:24:35.540Z,"11km ESE of Piru, CA",earthquake,,0.529,,5,reviewed,ci,ci
1976-04-15T09:08:39.420Z,38.8008333,-122.8023333,1.428,3.13,md,30,41,0.03604,0.05,nc,nc1029426,2016-12-15T06:32:05.608Z,"7 km WSW of Cobb, California",earthquake,0.15,0.46,0.3,10,reviewed,nc,nc
1976-04-15T08:01:35.810Z,19.4373333,-154.8515,8.585,3.31,ml,30,272,,0.1,hv,hv19760844,2020-03-31T16:57:52.700Z,"7 km ESE of Leilani Estates, Hawaii",earthquake,2.15,0.55,0.07,2,reviewed,hv,hv
1976-04-15T07:17:22.100Z,8.563,-103.766,33,4.3,mb,,,,,us,usp0000fwa,2014-11-06T23:21:34.820Z,"northern East Pacific Rise",earthquake,,,,,reviewed,us,us
1976-04-15T06:15:21.100Z,40.367,63.657,33,4.2,mb,,,,,us,usp0000fw8,2014-11-06T23:21:34.818Z,"31 km NNE of Gazli, Uzbekistan",earthquake,,,,,reviewed,us,us
1976-04-15T05:45:27.970Z,39.0223333,-123.0645,2.344,3.09,md,23,169,0.03964,0.06,nc,nc1029424,2016-12-15T06:31:57.992Z,"7 km NE of Hopland, California",earthquake,0.31,0.96,0.21,6,reviewed,nc,nc
1976-04-15T04:59:32.850Z,34.376,-118.685,14.91,3.03,ml,0,68,,0.241,ci,ci3005562,2016-01-29T21:40:35.050Z,"11km ESE of Piru, CA",earthquake,,0.327,,9,reviewed,ci,ci
1976-04-15T04:14:08.860Z,36.879,-121.6121667,6.048,2.83,md,52,56,0.01712,0.1,nc,nc1029422,2016-12-15T06:31:49.140Z,"2 km ESE of Aromas, California",earthquake,0.21,0.35,0.51,15,reviewed,nc,nc
1976-04-15T03:50:46.300Z,75.577,8.028,33,4.5,mb,,,,,us,usp0000fw5,2014-11-06T23:21:34.816Z,"Greenland Sea",earthquake,,,,,reviewed,us,us
1976-04-15T02:01:31.530Z,32.17,-115.49,14.22,3.06,mh,0,229,0.5181,0.349,ci,ci3002820,2016-01-29T21:40:29.420Z,"31km WSW of Alberto Oviedo Mota, B.C., MX",earthquake,,3.067,,8,reviewed,ci,ci
1976-04-15T00:58:29.300Z,19.3438333,-155.2166667,7.284,2.64,ml,25,65,,0.08,hv,hv19760842,2020-03-31T16:57:52.390Z,"11 km S of Volcano, Hawaii",earthquake,0.49,0.6,0.12,2,reviewed,hv,hv
1976-04-14T23:25:39.000Z,35.5798333,-120.8713333,6.352,2.68,md,10,236,0.2523,0.02,nc,nc1029418,2016-12-15T06:31:32.582Z,"15 km N of Cayucos, California",earthquake,1.82,7.96,0.54,4,reviewed,nc,nc
1976-04-14T21:41:08.130Z,33.106,-115.786,6,2.64,mh,0,58.7,0.09645,0.355,ci,ci3002814,2016-01-29T21:16:26.480Z,"17km WNW of Westmorland, CA",earthquake,,21.967,,9,reviewed,ci,ci
1976-04-14T20:44:06.220Z,36.5663333,-121.157,2.801,3.6,md,51,49,0.02793,0.07,nc,nc1029417,2016-12-15T06:31:27.860Z,"21 km NE of Soledad, California",earthquake,0.16,0.45,0.28,11,reviewed,nc,nc
1976-04-14T19:47:51.390Z,32.874,-115.492,5.12,2.72,mh,0,68.4,0.04865,0.287,ci,ci3002809,2016-01-29T21:09:01.960Z,"8km ENE of Imperial, CA",earthquake,,0.124,,13,reviewed,ci,ci
1976-04-14T19:41:01.700Z,-29.873,-177.339,33,4.6,mb,,,,,us,usp0000fw4,2014-11-06T23:21:34.816Z,"Kermadec Islands, New Zealand",earthquake,,,,,reviewed,us,us
1976-04-14T19:26:55.800Z,40.311,63.706,37,3.6,mb,,,,,us,usp0000fw3,2014-11-06T23:21:34.815Z,"29 km NE of Gazli, Uzbekistan",earthquake,,,,,reviewed,us,us
1976-04-14T18:37:59.280Z,36.0006667,-120.5763333,3.2,2.68,md,10,136,0.07027,0.04,nc,nc1029416,2016-12-15T06:31:22.149Z,"17 km NW of Parkfield, California",earthquake,0.65,1.1,0.03,3,reviewed,nc,nc
1976-04-14T18:36:23.660Z,32.87,-115.493,7.48,2.51,mh,0,115.8,0.05573,0.27,ci,ci3002806,2016-01-29T21:01:05.520Z,"8km ENE of Imperial, CA",earthquake,,1.523,,5,reviewed,ci,ci
1976-04-14T18:08:09.030Z,32.157,-115.449,6,3.6,ml,0,230.1,0.5833,0.453,ci,ci3002805,2016-01-29T21:16:25.990Z,"27km WSW of Alberto Oviedo Mota, B.C., MX",earthquake,,,,4,reviewed,ci,ci
1976-04-14T17:06:29.750Z,32.876,-115.494,5.2,2.66,mh,0,67.5,0.04969,0.309,ci,ci3002801,2016-01-29T21:32:20.740Z,"8km ENE of Imperial, CA",earthquake,,0.124,,10,reviewed,ci,ci
1976-04-14T16:53:38.860Z,19.3125,-155.2005,8.283,2.95,ml,27,106,,0.07,hv,hv19760841,2020-03-31T16:57:52.220Z,"14 km SSE of Volcano, Hawaii",earthquake,0.47,0.48,,2,reviewed,hv,hv
1976-04-14T15:26:16.800Z,-51.905,139.471,33,6.2,ms,,,,,us,usp0000fw1,2025-12-19T20:21:32.694Z,"western Indian-Antarctic Ridge",earthquake,,,,,reviewed,us,us
1976-04-14T14:37:03.300Z,-7.327,129.308,58,4.7,mb,,,,,us,usp0000fw0,2014-11-06T23:21:34.813Z,"286 km ENE of Lospalos, Timor Leste",earthquake,,,,,reviewed,us,us
1976-04-14T14:19:12.880Z,36.509,-121.091,4.973,2.53,md,12,89,0.01261,0.02,nc,nc1029414,2016-12-15T06:31:14.981Z,"23 km ENE of Soledad, California",earthquake,0.36,0.51,0.12,3,reviewed,nc,nc
1976-04-14T14:00:46.000Z,23.221,120.753,33,5.5,mb,,,,,us,usp0000fvz,2025-12-19T20:21:31.950Z,"31 km ENE of Yujing, Taiwan",earthquake,,,,,reviewed,us,us
1976-04-14T13:34:00.350Z,32.056,-115.507,6,2.88,mh,0,238.7,0.6201,0.458,ci,ci3002795,2016-01-29T21:32:19.710Z,"37km WSW of Alberto Oviedo Mota, B.C., MX",earthquake,,,,13,reviewed,ci,ci
1976-04-14T13:23:59.160Z,32.891,-115.492,10.14,3.34,ml,0,63.4,0.03512,0.309,ci,ci3002794,2016-01-29T21:09:00.530Z,"9km NE of Imperial, CA",earthquake,,0.332,,4,reviewed,ci,ci
1976-04-14T10:47:54.320Z,32.883,-115.488,9.54,3.46,ml,0,66.1,0.04363,0.316,ci,ci3002783,2016-01-29T21:40:28.400Z,"9km ENE of Imperial, CA",earthquake,,0.345,,5,reviewed,ci,ci
1976-04-14T10:31:01.390Z,32.887,-115.491,11.92,3.82,ml,0,64.7,0.0392,0.343,ci,ci3002782,2016-01-29T21:24:25.260Z,"8km ENE of Imperial, CA",earthquake,,0.309,,7,reviewed,ci,ci
1976-04-14T08:00:28.800Z,-22.208,-179.489,576,4.6,mb,,,,,us,usp0000fvv,2014-11-06T23:21:34.810Z,"south of the Fiji Islands",earthquake,,,,,reviewed,us,us
1976-04-14T07:59:28.700Z,32.871,-115.482,7.41,3.47,ml,0,70.8,0.03976,0.307,ci,ci3002779,2016-01-29T21:32:19.170Z,"9km ENE of Imperial, CA",earthquake,,0.466,,5,reviewed,ci,ci
1976-04-14T07:52:38.600Z,-3.026,129.714,11,5,mb,,,,,us,usp0000fvt,2014-11-06T23:21:34.809Z,"94 km ENE of Amahai, Indonesia",earthquake,,,,,reviewed,us,us
1976-04-14T07:51:06.500Z,40.312,63.81,33,3.9,mb,,,,,us,usp0000fvs,2014-11-06T23:21:34.808Z,"36 km ENE of Gazli, Uzbekistan",earthquake,,,,,reviewed,us,us
1976-04-14T07:35:14.500Z,-27.867,-113.559,33,4.7,mb,,,,,us,usp0000fvr,2014-11-06T23:21:34.807Z,"Easter Island region",earthquake,,,,,reviewed,us,us
1976-04-14T07:25:07.620Z,31.883,-116.171,6,4.18,ml,0,278,0.901,0.191,ci,ci3002745,2016-01-29T21:08:55.240Z,"42km ENE of Maneadero, B.C., MX",earthquake,,,,9,reviewed,ci,ci
1976-04-14T06:56:52.700Z,31.771,132.588,33,5.1,mb,,,,,us,usp0000fvq,2025-12-19T20:21:31.190Z,"110 km ESE of Takanabe, Japan",earthquake,,,,,reviewed,us,us
1976-04-14T06:56:04.190Z,32.874,-115.488,11.75,3.46,ml,0,68.8,0.04539,0.365,ci,ci3002736,2016-01-29T21:56:40.220Z,"8km ENE of Imperial, CA",earthquake,,0.326,,3,reviewed,ci,ci
1976-04-14T06:51:13.150Z,32.883,-115.494,6.77,2.7,mh,0,65.5,0.04275,0.312,ci,ci3002735,2016-01-29T21:40:25.010Z,"8km ENE of Imperial, CA",earthquake,,0.511,,13,reviewed,ci,ci
1976-04-14T06:05:42.070Z,32.129,-115.531,6,2.61,mh,0,267.2,1.095,0.39,ci,ci3004919,2016-01-29T21:01:13.570Z,"36km WSW of Alberto Oviedo Mota, B.C., MX",earthquake,,,,9,reviewed,ci,ci
1976-04-14T04:57:39.850Z,32.884,-115.492,7.37,2.73,mh,0,65.4,0.042,0.327,ci,ci3002728,2016-01-29T21:32:14.770Z,"8km ENE of Imperial, CA",earthquake,,0.457,,16,reviewed,ci,ci
1976-04-14T04:42:00.880Z,32.879,-115.493,9.91,2.84,mh,0,66.6,0.04682,0.367,ci,ci3002725,2016-01-29T21:01:00.760Z,"8km ENE of Imperial, CA",earthquake,,0.365,,17,reviewed,ci,ci
1976-04-14T04:24:32.270Z,32.872,-115.485,8.97,2.87,mh,0,69.9,0.04245,0.299,ci,ci3002721,2016-01-29T21:32:13.790Z,"8km ENE of Imperial, CA",earthquake,,0.405,,17,reviewed,ci,ci
1976-04-14T04:16:16.300Z,62.146,-150.264,33,3.1,ml,,,,,us,usp0000fvm,2014-11-06T23:21:34.805Z,"19 km S of Trapper Creek, Alaska",earthquake,,,,,reviewed,us,pmr
1976-04-14T04:06:15.020Z,32.873,-115.494,10.22,3.11,ml,0,68.2,0.05005,0.325,ci,ci3002717,2016-01-29T21:24:22.450Z,"8km ENE of Imperial, CA",earthquake,,0.366,,3,reviewed,ci,ci
1976-04-14T03:53:02.840Z,32.875,-115.489,10,3.55,ml,0,68.4,0.04648,0.331,ci,ci3004906,2016-01-29T21:56:50.140Z,"8km ENE of Imperial, CA",earthquake,,0.354,,3,reviewed,ci,ci
1976-04-14T01:42:00.000Z,45.1516667,-120.8568333,15,2.8,md,,,,,uw,uw10841138,2016-07-25T00:21:09.900Z,"17 km E of Maupin, Oregon",other event,,,,0,reviewed,uw,uw
1976-04-14T01:22:33.200Z,19.542,122.38,175,5.2,mb,,,,,us,usp0000fvj,2014-11-06T23:21:34.803Z,"109 km SSE of Basco, Philippines",earthquake,,,,,reviewed,us,us
1976-04-14T00:46:05.300Z,-14.854,-177.753,367,4.9,mb,,,,,us,usp0000fvh,2014-11-06T23:21:34.803Z,"71 km SSE of Alo, Wallis and Futuna",earthquake,,,,,reviewed,us,us
1976-04-14T00:19:34.510Z,36.9221667,-121.5791667,4.498,2.58,md,23,66,0.03514,0.1,nc,nc1029411,2016-12-15T06:31:03.770Z,"6 km ENE of Aromas, California",earthquake,0.25,0.37,0.31,7,reviewed,nc,nc
1976-04-13T23:49:46.100Z,41.7,141.188,99,5.3,mb,,,,,us,usp0000fvg,2014-11-06T23:21:34.802Z,"38 km ESE of Hakodate, Japan",earthquake,,,,,reviewed,us,us
1976-04-13T23:03:11.530Z,36.9023333,-121.6306667,-0.135,2.92,md,22,83,0.03604,0.14,nc,nc1029409,2016-12-15T06:30:56.697Z,"1 km NE of Aromas, California",quarry blast,0.31,0.76,0.44,8,reviewed,nc,nc
1976-04-13T22:00:55.300Z,31.486,50.296,63,3.8,mb,,,,,us,usp0000fvf,2014-11-06T23:21:34.801Z,"69 km ENE of R?mhormoz, Iran",earthquake,,,,,reviewed,us,us
1976-04-13T21:14:01.000Z,74.002,9.329,33,4.8,mb,,,,,us,usp0000fve,2014-11-06T23:21:34.801Z,"Greenland Sea",earthquake,,,,,reviewed,us,us
1976-04-13T20:17:48.200Z,18.546,-104.803,33,5.3,mb,,,,,us,usp0000fvd,2025-12-19T20:21:30.514Z,"74 km S of Barra de Navidad, Mexico",earthquake,,,,,reviewed,us,us
1976-04-13T17:39:43.180Z,31.86,-116.215,6,2.79,mh,0,279.6,0.9047,0.119,ci,ci3002770,2016-01-29T21:40:26.480Z,"37km ENE of Maneadero, B.C., MX",earthquake,,,,7,reviewed,ci,ci
1976-04-13T15:39:12.900Z,40.8,-74.03,0,3.1,,,,,,us,usp0000fvc,2018-06-04T20:43:45.000Z,"1 km WSW of North Bergen, New Jersey",earthquake,,,,,reviewed,p,pal
1976-04-13T15:37:54.600Z,6.78,-73.037,164,4.7,mb,,,,,us,usp0000fvb,2014-11-06T23:21:34.799Z,"northern Colombia",earthquake,,,,,reviewed,us,us
1976-04-13T13:29:00.000Z,45.1465,-120.8603333,15,3.1,md,,,,,uw,uw10841133,2016-07-25T00:21:09.690Z,"17 km E of Maupin, Oregon",other event,,,,0,reviewed,uw,uw
1976-04-13T13:28:08.300Z,2.312,126.648,15,4.7,mb,,,,,us,usp0000fva,2014-11-06T23:21:34.798Z,"164 km WNW of Tobelo, Indonesia",earthquake,,,,,reviewed,us,us
1976-04-13T11:12:33.460Z,32.102,-115.495,13.68,3.01,mh,0,235.1,0.5798,0.356,ci,ci3002768,2016-01-29T21:01:04.070Z,"34km WSW of Alberto Oviedo Mota, B.C., MX",earthquake,,4.368,,13,reviewed,ci,ci
1976-04-13T10:44:25.200Z,-29.709,-177.075,33,4.5,mb,,,,,us,usp0000fv8,2014-11-06T23:21:34.797Z,"Kermadec Islands, New Zealand",earthquake,,,,,reviewed,us,us
1976-04-13T10:02:50.700Z,1.599,-97.222,33,4.9,mb,,,,,us,usp0000fv7,2014-11-06T23:21:34.796Z,"west of the Galapagos Islands",earthquake,,,,,reviewed,us,us
1976-04-13T09:37:50.510Z,37.5365,-118.726,2.743,2.52,md,7,315,0.3793,0.2,nc,nc1029405,2016-12-15T06:30:41.854Z,"2 km SSW of Aspen Springs, California",earthquake,5.14,16.83,0.1,7,reviewed,nc,nc
1976-04-13T07:26:20.200Z,47.146,152.52,94,5,mb,,,,,us,usp0000fv6,2014-11-06T23:21:34.796Z,"Kuril Islands",earthquake,,,,,reviewed,us,us
1976-04-13T06:00:58.100Z,-29.523,-177.252,55,5.3,mb,,,,,us,usp0000fv5,2014-11-06T23:21:34.795Z,"Kermadec Islands, New Zealand",earthquake,,,,,reviewed,us,us
1976-04-13T04:46:29.080Z,36.8845,-121.623,8.268,3.08,md,59,53,0.02523,0.09,nc,nc1029400,2016-12-15T06:30:18.690Z,"1 km ESE of Aromas, California",earthquake,0.21,0.36,0.27,22,reviewed,nc,nc
1976-04-13T03:13:56.130Z,32.092,-115.604,6,2.68,mh,0,342.1,1.496,0.229,ci,ci3002766,2016-01-29T21:40:26.030Z,"44km WSW of Alberto Oviedo Mota, B.C., MX",earthquake,,,,6,reviewed,ci,ci
1976-04-13T03:10:00.000Z,45.1745,-120.8783333,15,2.6,md,,,,,uw,uw10841128,2016-07-25T00:21:09.490Z,"15 km E of Maupin, Oregon",other event,,,,0,reviewed,uw,uw
1976-04-13T01:55:00.000Z,45.1845,-120.8936667,15,2.6,md,,,,,uw,uw10841123,2016-07-25T00:21:09.290Z,"14 km E of Maupin, Oregon",other event,,,,0,reviewed,uw,uw
1976-04-13T01:20:00.000Z,45.1206667,-120.8936667,15,3.4,md,,,,,uw,uw10841118,2016-07-25T00:21:09.090Z,"15 km ESE of Maupin, Oregon",other event,,,,0,reviewed,uw,uw
1976-04-13T00:56:18.300Z,-27.236,-70.633,54,4,mb,,,,,us,usp0000fv4,2014-11-06T23:21:34.794Z,"33 km WNW of Copiapó, Chile",earthquake,,,,,reviewed,us,us
1976-04-13T00:47:14.490Z,45.0756667,-120.8588333,14.685,4.6,md,40,122,,0.62,uw,uw10841113,2020-09-21T18:41:40.778Z,"11 km NW of Shaniko, Oregon",earthquake,0.18,0.18,0.1,1,reviewed,uw,uw
1976-04-13T00:02:00.000Z,45.1795,-121.0068333,15,3.3,md,,,,,uw,uw10841108,2016-07-25T00:21:08.530Z,"5 km E of Maupin, Oregon",other event,,,,0,reviewed,uw,uw
1976-04-12T23:16:53.600Z,33.142,76.051,58,3.7,mb,,,,,us,usp0000fv1,2014-11-06T23:21:34.792Z,"32 km SE of Kishtw?r, India",earthquake,,,,,reviewed,us,us
1976-04-12T22:49:50.300Z,-32.736,-179.663,143,5.5,mb,,,,,us,usp0000fv0,2022-04-27T17:11:35.006Z,"south of the Kermadec Islands",earthquake,,,,,reviewed,us,us
1976-04-12T19:20:24.300Z,-9.235,158.644,36,4.4,mb,,,,,us,usp0000fuz,2014-11-06T23:21:34.791Z,"128 km WNW of Malango, Solomon Islands",earthquake,,,,,reviewed,us,us
1976-04-12T17:26:23.610Z,19.3093333,-155.357,8.902,3.01,ml,28,117,,0.11,hv,hv19760833,2020-03-31T16:57:50.750Z,"17 km NE of P?hala, Hawaii",earthquake,0.47,0.73,0.32,2,reviewed,hv,hv
1976-04-12T16:12:58.900Z,40.456,63.61,33,4,mb,,,,,us,usp0000fuy,2014-11-06T23:21:34.790Z,"38 km NNE of Gazli, Uzbekistan",earthquake,,,,,reviewed,us,us
1976-04-12T15:07:29.390Z,19.3405,-155.0733333,7.028,2.79,ml,25,111,,0.09,hv,hv19760832,2020-03-31T16:57:50.600Z,"15 km SSE of Fern Forest, Hawaii",earthquake,0.6,0.79,0.05,2,reviewed,hv,hv
1976-04-12T14:22:26.630Z,36.5091667,-121.0923333,4.653,2.5,md,25,53,0.01351,0.03,nc,nc1029393,2016-12-15T06:29:51.123Z,"22 km ENE of Soledad, California",earthquake,0.19,0.44,0.55,8,reviewed,nc,nc
1976-04-12T09:38:37.900Z,36.336,71.147,184,4.1,mb,,,,,us,usp0000fuw,2014-11-06T23:21:34.789Z,"51 km SW of Ashk?sham, Afghanistan",earthquake,,,,,reviewed,us,us
1976-04-12T08:36:06.100Z,50.697,-177.373,44,4.3,mb,,,,,us,usp0000fuv,2014-11-06T23:21:34.788Z,"140 km SSW of Adak, Alaska",earthquake,,,,,reviewed,us,us
1976-04-12T06:35:23.500Z,40.426,63.708,33,3.8,mb,,,,,us,usp0000fuu,2014-11-06T23:21:34.787Z,"39 km NNE of Gazli, Uzbekistan",earthquake,,,,,reviewed,us,us
1976-04-12T05:56:19.150Z,32.153,-115.495,14.62,2.97,mh,0,235.3,0.5322,0.499,ci,ci3002755,2016-01-29T21:01:03.040Z,"32km WSW of Alberto Oviedo Mota, B.C., MX",earthquake,,4.849,,6,reviewed,ci,ci
1976-04-12T05:53:56.100Z,-9.28,123.756,69,5.2,mb,,,,,us,usp0000fut,2022-04-27T17:11:28.197Z,"35 km N of Naisano Dua, Indonesia",earthquake,,,,,reviewed,us,us
1976-04-12T05:37:12.570Z,37.074,-117.942,18.41,2.53,ml,0,261.9,0.2313,0.197,ci,ci3115188,2016-01-29T21:09:09.810Z,"32km ESE of Big Pine, CA",earthquake,,16.979,,4,reviewed,ci,ci
1976-04-12T05:29:15.300Z,17.487,147.207,36,5.1,mb,,,,,us,usp0000fus,2014-11-06T23:21:34.786Z,"295 km NNE of Saipan, Northern Mariana Islands",earthquake,,,,,reviewed,us,us
1976-04-12T04:41:51.400Z,52.405,-170.189,38,5.2,mb,,,,,us,usp0000fur,2014-11-06T23:21:34.785Z,"107 km SW of Nikolski, Alaska",earthquake,,,,,reviewed,us,us
1976-04-12T04:17:32.600Z,48.316,153.608,133,4.8,mb,,,,,us,usp0000fuq,2014-11-06T23:21:34.784Z,"Kuril Islands",earthquake,,,,,reviewed,us,us
1976-04-12T03:01:08.500Z,65.23,-151.467,22,3.5,ml,,,,,us,usp0000fup,2014-11-06T23:21:34.784Z,"29 km ENE of Tanana, Alaska",earthquake,,,,,reviewed,us,pmr
1976-04-12T01:46:04.670Z,19.3321667,-155.1443333,9.197,2.66,ml,27,75,,0.07,hv,hv19760831,2020-03-31T16:57:50.430Z,"14 km S of Fern Forest, Hawaii",earthquake,0.43,0.55,0.09,2,reviewed,hv,hv
1976-04-12T01:35:49.400Z,19.3465,-155.0643333,2.907,3.44,ml,23,98,,0.09,hv,hv19760830,2020-03-31T16:57:50.270Z,"15 km SSE of Fern Forest, Hawaii",earthquake,0.65,1.12,0.07,2,reviewed,hv,hv
1976-04-12T01:05:30.900Z,40.025,24.602,33,3.2,mb,,,,,us,usp0000fun,2014-11-06T23:21:34.783Z,"39 km SE of Karyes, Greece",earthquake,,,,,reviewed,us,us
1976-04-12T00:53:27.550Z,19.5535,-155.945,8.449,2.65,ml,19,232,,0.12,hv,hv19760829,2020-03-31T16:57:50.130Z,"1 km WNW of Honalo, Hawaii",earthquake,1.03,0.64,,1,reviewed,hv,hv
1976-04-11T23:23:03.050Z,36.9681667,-121.644,3.764,3.52,md,52,38,0.03964,0.11,nc,nc1029387,2016-12-15T06:29:27.320Z,"7 km WSW of Gilroy, California",earthquake,0.16,0.36,0.58,14,reviewed,nc,nc
1976-04-11T23:10:32.100Z,17.363,147.432,33,4.8,mb,,,,,us,usp0000fum,2014-11-06T23:21:34.782Z,"297 km NE of Saipan, Northern Mariana Islands",earthquake,,,,,reviewed,us,us
1976-04-11T20:58:04.000Z,36.707,71.678,267,3.6,mb,,,,,us,usp0000fuk,2014-11-06T23:21:34.782Z,"6 km ESE of Ishqoshim, Tajikistan",earthquake,,,,,reviewed,us,us
1976-04-11T20:30:58.320Z,19.3463333,-155.1045,8.898,2.62,ml,26,95,,0.07,hv,hv19760828,2020-03-31T16:57:49.970Z,"13 km SSE of Fern Forest, Hawaii",earthquake,0.48,0.62,0.06,2,reviewed,hv,hv
1976-04-11T19:13:42.700Z,1.927,-79.653,23,5,mb,,,,,us,usp0000fuj,2014-11-06T23:21:34.781Z,"96 km W of Tumaco, Colombia",earthquake,,,,,reviewed,us,us
1976-04-11T18:47:37.100Z,37.899,70.125,20,4.4,mb,,,,,us,usp0000fuh,2014-11-06T23:21:34.780Z,"24 km SSE of M?’minobod, Tajikistan",earthquake,,,,,reviewed,us,us
1976-04-11T13:03:35.700Z,42.829,130.945,529,5,mb,,,,,us,usp0000fug,2014-11-06T23:21:34.779Z,"18 km NE of Kraskino, Russia",earthquake,,,,,reviewed,us,us
1976-04-11T13:01:49.600Z,42.989,130.871,545,4.8,mb,,,,,us,usp0000fuf,2014-11-06T23:21:34.778Z,"31 km NNE of Kraskino, Russia",earthquake,,,,,reviewed,us,us
1976-04-11T11:24:23.400Z,14.646,-92.109,28,4.7,mb,,,,,us,usp0000fue,2014-11-06T23:21:34.778Z,"4 km SE of Ciudad Tecún Umán, Guatemala",earthquake,,,,,reviewed,us,us
1976-04-11T08:56:22.860Z,32.48,-118.171,6,3.21,ml,0,219.9,,0.499,ci,ci3004902,2016-01-29T21:16:34.650Z,"41km SSE of San Clemente Is. (SE tip), CA",earthquake,,,,6,reviewed,ci,ci
1976-04-11T06:17:42.710Z,19.8033333,-156.1036667,9.681,2.76,ml,20,246,,0.14,hv,hv19760824,2020-03-31T16:57:49.350Z,"15 km WNW of Kalaoa, Hawaii",earthquake,1.74,1.21,0.1,3,reviewed,hv,hv
1976-04-11T06:06:30.800Z,-20.365,-177.965,554,5,mb,,,,,us,usp0000fub,2014-11-06T23:21:34.776Z,"299 km WNW of Haveluloto, Tonga",earthquake,,,,,reviewed,us,us
1976-04-11T02:53:02.600Z,43.853,146.263,97,5.1,mb,,,,,us,usp0000fua,2014-11-06T23:21:34.775Z,"37 km W of Shikotan, Russia",earthquake,,,,,reviewed,us,us
1976-04-11T00:51:44.530Z,34.35,-118.699,12.26,2.57,ml,0,71,,0.209,ci,ci3004900,2016-01-29T21:32:25.830Z,"10km NNE of Simi Valley, CA",earthquake,,0.583,,4,reviewed,ci,ci
1976-04-11T00:10:26.340Z,37.2796667,-121.6563333,7.123,2.93,md,65,73,0.02613,0.05,nc,nc1029383,2016-12-15T06:29:08.730Z,"16 km E of Seven Trees, California",earthquake,0.18,0.33,0.22,15,reviewed,nc,nc
1976-04-10T17:12:09.200Z,-17.656,-178.501,560,5.7,mb,,,,,us,usp0000fu8,2025-12-19T20:21:29.849Z,"235 km ENE of Levuka, Fiji",earthquake,,,,,reviewed,us,us
1976-04-10T14:49:29.900Z,34.458,141.808,24,4.7,mb,,,,,us,usp0000fu7,2014-11-06T23:21:34.773Z,"156 km SE of ?hara, Japan",earthquake,,,,,reviewed,us,us
1976-04-10T11:26:41.200Z,39.731,143.507,33,4.9,mb,,,,,us,usp0000fu6,2025-12-19T20:21:28.987Z,"134 km E of Miyako, Japan",earthquake,,,,,reviewed,us,us
1976-04-10T09:54:00.000Z,45.2561667,-120.9788333,15,2.8,md,,,,,uw,uw10841078,2016-07-25T00:21:06.650Z,"12 km NE of Maupin, Oregon",other event,,,,0,reviewed,uw,uw
1976-04-10T07:25:39.000Z,39.696,143.703,30,4.7,mb,,,,,us,usp0000fu4,2014-11-06T23:21:34.772Z,"151 km E of Miyako, Japan",earthquake,,,,,reviewed,us,us
1976-04-10T07:09:18.000Z,32.727,76.511,50,4.5,mb,,,,,us,usp0000fu3,2014-11-06T23:21:34.771Z,"40 km ENE of Chamba, India",earthquake,,,,,reviewed,us,us
1976-04-10T04:24:59.400Z,-6.428,154.827,54,6,mb,,,,,us,usp0000fu2,2022-04-27T17:11:17.157Z,"73 km W of Panguna, Papua New Guinea",earthquake,,,,,reviewed,us,us
1976-04-10T03:12:22.410Z,19.3606667,-155.214,2.031,2.89,ml,24,56,,0.08,hv,hv19760820,2020-03-31T16:57:48.720Z,"9 km SSE of Volcano, Hawaii",earthquake,0.32,0.5,0.25,2,reviewed,hv,hv
1976-04-10T02:13:59.530Z,36.3175,-120.8926667,3.632,3.03,md,22,73,0.03063,0.04,nc,nc1029378,2016-12-15T06:28:46.078Z,"23 km NNE of San Lucas, California",earthquake,0.17,0.36,0.11,5,reviewed,nc,nc
1976-04-10T01:41:44.100Z,39.718,143.547,33,5,mb,,,,,us,usp0000fu1,2014-11-06T23:21:34.770Z,"138 km E of Miyako, Japan",earthquake,,,,,reviewed,us,us
1976-04-10T01:18:22.600Z,2.361,126.685,42,5,mb,,,,,us,usp0000fu0,2014-11-06T23:21:34.769Z,"163 km WNW of Tobelo, Indonesia",earthquake,,,,,reviewed,us,us
1976-04-10T00:41:07.500Z,39.744,143.605,16,4.9,mb,,,,,us,usp0000ftz,2025-12-19T20:21:28.170Z,"143 km E of Miyako, Japan",earthquake,,,,,reviewed,us,us
1976-04-09T23:17:45.600Z,39.697,143.804,33,4.8,mb,,,,,us,usp0000fty,2014-11-06T23:21:34.768Z,"159 km E of Miyako, Japan",earthquake,,,,,reviewed,us,us
1976-04-09T21:33:30.420Z,36.9076667,-121.6321667,-0.122,2.86,md,27,63,0.03333,0.23,nc,nc1029376,2016-12-15T06:28:38.783Z,"2 km NNE of Aromas, California",quarry blast,0.47,1.22,0.53,6,reviewed,nc,nc
1976-04-09T18:48:12.060Z,36.5861667,-121.182,4.081,3.49,md,52,38,0.01351,0.06,nc,nc1029375,2016-12-15T06:28:33.730Z,"22 km NE of Soledad, California",earthquake,0.14,0.38,0.3,12,reviewed,nc,nc
1976-04-09T13:47:50.700Z,12.389,141.963,137,4.8,mb,,,,,us,usp0000ftw,2014-11-06T23:21:34.767Z,"Mariana Islands region",earthquake,,,,,reviewed,us,us
1976-04-09T13:31:00.120Z,36.6556667,-121.1446667,7.537,2.65,md,42,69,0.02613,0.13,nc,nc1029372,2016-12-15T06:28:19.750Z,"21 km SE of Tres Pinos, California",earthquake,0.27,0.56,0.11,11,reviewed,nc,nc
1976-04-09T13:17:12.690Z,36.3118333,-120.8903333,3.322,2.5,md,14,98,0.03333,0.04,nc,nc1029371,2016-12-15T06:28:14.183Z,"23 km NNE of San Lucas, California",earthquake,0.24,0.54,0.27,6,reviewed,nc,nc
1976-04-09T11:35:34.000Z,0.905,122.375,105,5.5,mb,,,,,us,usp0000ftv,2022-05-09T19:16:21.865Z,"86 km WNW of Gorontalo, Indonesia",earthquake,,,,,reviewed,us,us
1976-04-09T10:23:18.800Z,19.772,122.529,191,4.8,mb,,,,,us,usp0000ftu,2014-11-06T23:21:34.766Z,"95 km SE of Basco, Philippines",earthquake,,,,,reviewed,us,us
1976-04-09T09:11:00.000Z,45.2076667,-120.8866667,15,3.5,md,,,,,uw,uw10841068,2016-07-25T00:21:06.030Z,"Washington-Oregon border region",other event,,,,0,reviewed,uw,uw
1976-04-09T07:08:47.000Z,0.782,-79.804,9,6.7,ms,,,,,us,usp0000ftt,2025-12-19T20:21:27.446Z,"25 km SW of Esmeraldas, Ecuador",earthquake,,,,,reviewed,us,us
1976-04-09T06:17:36.000Z,60.88,-152.489,128,4.1,mb,,,,,us,usp0000fts,2014-11-06T23:21:34.764Z,"68 km WNW of Nikiski, Alaska",earthquake,,,,,reviewed,us,us
1976-04-09T04:16:09.000Z,-21.675,-68.903,103,4.6,mb,,,,,us,usp0000ftq,2014-11-06T23:21:34.763Z,"86 km N of Calama, Chile",earthquake,,,,,reviewed,us,us
1976-04-09T04:09:38.830Z,36.535,-120.7536667,8.05,3.49,md,23,162,0.1315,0.07,nc,nc1029366,2016-12-15T06:27:56.253Z,"32 km W of Three Rocks, California",earthquake,0.34,0.62,0.57,9,reviewed,nc,nc
1976-04-09T03:49:49.000Z,41.883,-126.814,27,4.9,mb,,,,,us,usp0000ftp,2014-11-06T23:21:34.763Z,"204 km WSW of Pistol River, Oregon",earthquake,,,,,reviewed,us,us
1976-04-09T02:46:23.900Z,40.346,63.538,33,4.5,mb,,,,,us,usp0000ftn,2014-11-06T23:21:34.762Z,"24 km NNE of Gazli, Uzbekistan",earthquake,,,,,reviewed,us,us
1976-04-08T22:54:17.800Z,40.487,63.65,33,4,mb,,,,,us,usp0000ftm,2014-11-06T23:21:34.761Z,"42 km NNE of Gazli, Uzbekistan",earthquake,,,,,reviewed,us,us
1976-04-08T22:41:52.300Z,6.82,-73.007,170,4.7,mb,,,,,us,usp0000ftk,2014-11-06T23:21:34.761Z,"8 km NNW of Cepitá, Colombia",earthquake,,,,,reviewed,us,us
1976-04-08T22:26:10.400Z,6.828,-73.014,165,4.9,mb,,,,,us,usp0000ftj,2014-11-06T23:21:34.760Z,"9 km NNW of Cepitá, Colombia",earthquake,,,,,reviewed,us,us
1976-04-08T20:54:22.470Z,19.1453333,-155.2881667,7.74,3.05,ml,29,197,,0.12,hv,hv19760816,2020-03-31T16:57:48.100Z,"21 km ESE of P?hala, Hawaii",earthquake,0.89,1.24,0.17,2,reviewed,hv,hv
1976-04-08T20:03:12.150Z,34.355,-118.696,13.68,2.65,ml,0,78.3,,0.258,ci,ci3002679,2016-01-29T21:16:20.680Z,"10km NNE of Simi Valley, CA",earthquake,,0.578,,5,reviewed,ci,ci
1976-04-08T18:20:18.620Z,34.357,-118.68,14.85,2.7,ml,0,74.9,,0.225,ci,ci3002675,2016-01-29T21:32:11.620Z,"11km NNE of Simi Valley, CA",earthquake,,0.467,,7,reviewed,ci,ci
1976-04-08T15:21:37.990Z,34.358,-118.673,15.1,4.47,ml,0,49.4,,0.267,ci,ci3002657,2020-07-09T21:17:06.138Z,"11km NNE of Simi Valley, CA",earthquake,,0.206,,11,reviewed,ci,ci
1976-04-08T14:39:20.090Z,19.3266667,-155.1468333,9.587,2.71,ml,28,82,,0.07,hv,hv19760815,2020-03-31T16:57:47.940Z,"15 km S of Fern Forest, Hawaii",earthquake,0.45,0.48,0.19,2,reviewed,hv,hv
1976-04-08T14:15:40.220Z,31.832,-115.938,6,2.64,mh,0,344,1.445,0.138,ci,ci3002656,2016-01-29T21:16:18.990Z,"61km ENE of Maneadero, B.C., MX",earthquake,,,,6,reviewed,ci,ci
1976-04-08T12:03:41.100Z,40.198,64.064,33,5.1,mb,,,,,us,usp0000ftc,2025-12-19T20:21:26.779Z,"38 km WNW of Shofirkon Shahri, Uzbekistan",earthquake,,,,,reviewed,us,us
1976-04-08T10:42:53.000Z,-5.608,111.523,503,5.2,mb,,,,,us,usp0000ftb,2014-11-06T23:21:34.755Z,"115 km NNE of Tayu, Indonesia",earthquake,,,,,reviewed,us,us
1976-04-08T10:15:00.000Z,45.1553333,-120.8023333,15,3.8,md,,,,,uw,uw10841058,2016-07-25T00:21:05.310Z,"17 km NNW of Shaniko, Oregon",other event,,,,0,reviewed,uw,uw
1976-04-08T09:51:25.200Z,44.767,148.309,33,4.4,mb,,,,,us,usp0000ft9,2014-11-06T23:21:34.754Z,"61 km SSE of Kuril’sk, Russia",earthquake,,,,,reviewed,us,us
1976-04-08T09:10:07.700Z,40.337,63.797,33,4.2,mb,,,,,us,usp0000ft8,2014-11-06T23:21:34.753Z,"36 km NE of Gazli, Uzbekistan",earthquake,,,,,reviewed,us,us
1976-04-08T08:10:35.700Z,-1.319,149.679,35,5.2,mb,,,,,us,usp0000ft7,2014-11-06T23:21:34.753Z,"186 km NW of Kavieng, Papua New Guinea",earthquake,,,,,reviewed,us,us
1976-04-08T08:10:34.250Z,32.005,-115.446,6,3.06,mh,0,248.3,0.6849,0.442,ci,ci3002654,2016-01-29T21:40:21.210Z,"36km SW of Alberto Oviedo Mota, B.C., MX",earthquake,,,,16,reviewed,ci,ci
1976-04-08T06:16:50.000Z,40.226,63.841,33,4.7,mb,,,,,us,usp0000ft6,2014-11-06T23:21:34.751Z,"34 km ENE of Gazli, Uzbekistan",earthquake,,,,,reviewed,us,us
1976-04-08T04:58:53.900Z,40.4,63.693,33,4.8,mb,,,,,us,usp0000ft5,2014-11-06T23:21:34.751Z,"35 km NE of Gazli, Uzbekistan",earthquake,,,,,reviewed,us,us
1976-04-08T04:46:08.900Z,40.434,63.315,33,4.2,mb,,,,,us,usp0000ft4,2014-11-06T23:21:34.750Z,"35 km NNW of Gazli, Uzbekistan",earthquake,,,,,reviewed,us,us
1976-04-08T03:30:49.300Z,40.399,63.441,33,4.1,mb,,,,,us,usp0000ft3,2014-11-06T23:21:34.749Z,"29 km N of Gazli, Uzbekistan",earthquake,,,,,reviewed,us,us
1976-04-08T03:15:21.700Z,40.173,63.916,33,4.5,mb,,,,,us,usp0000ft2,2014-11-06T23:21:34.749Z,"39 km E of Gazli, Uzbekistan",earthquake,,,,,reviewed,us,us
1976-04-08T02:59:05.500Z,40.167,63.806,33,6.2,mb,,,,,us,usp0000ft1,2022-04-27T17:11:02.299Z,"29 km E of Gazli, Uzbekistan",earthquake,,,,,reviewed,us,us
1976-04-08T02:40:27.000Z,40.311,63.773,33,7,ms,,,,,us,usp0000ft0,2025-12-19T20:21:25.903Z,"33 km NE of Gazli, Uzbekistan",earthquake,,,,,reviewed,us,us
1976-04-08T01:41:20.100Z,-14.624,171.846,624,4.5,mb,,,,,us,usp0000fsz,2014-11-06T23:21:34.747Z,"Vanuatu region",earthquake,,,,,reviewed,us,us
1976-04-08T00:31:53.100Z,-28.091,-70.752,52,5.5,mb,,,,,us,usp0000fsy,2022-04-27T17:10:51.937Z,"53 km N of Vallenar, Chile",earthquake,,,,,reviewed,us,us
1976-04-07T23:29:26.200Z,36.9035,-121.6333333,-0.129,2.98,md,25,98,0.03604,0.12,nc,nc1029355,2016-12-15T06:27:17.546Z,"1 km NNE of Aromas, California",quarry blast,0.23,0.58,0.51,7,reviewed,nc,nc
1976-04-07T22:52:54.700Z,65.758,-155.224,33,4.3,ml,,,,,us,usp0000fsx,2014-11-06T23:21:34.745Z,"54 km E of Huslia, Alaska",earthquake,,,,,reviewed,us,pmr
1976-04-07T22:15:56.870Z,36.7555,-121.2571667,10.162,2.92,md,49,51,0.02973,0.09,nc,nc1029354,2016-12-15T06:27:12.650Z,"6 km SE of Tres Pinos, California",earthquake,0.21,0.35,0.15,14,reviewed,nc,nc
1976-04-07T19:42:00.200Z,44.393,147.956,33,4.4,mb,,,,,us,usp0000fsw,2014-11-06T23:21:34.745Z,"92 km S of Kuril’sk, Russia",earthquake,,,,,reviewed,us,us
1976-04-07T16:22:45.100Z,-13.389,167.087,184,5,mb,,,,,us,usp0000fsv,2014-11-06T23:21:34.744Z,"73 km NW of Sola, Vanuatu",earthquake,,,,,reviewed,us,us
1976-04-07T13:41:27.960Z,34.081,-116.772,12.37,2.68,ml,0,52.2,,0.208,ci,ci3002645,2016-01-29T21:00:54.750Z,"18km WNW of Morongo Valley, CA",earthquake,,0.358,,6,reviewed,ci,ci
1976-04-07T12:06:12.400Z,-19.954,-173.766,33,5.1,mb,,,,,us,usp0000fsu,2014-11-06T23:21:34.743Z,"63 km ESE of Pangai, Tonga",earthquake,,,,,reviewed,us,us
1976-04-07T11:15:16.080Z,19.4221667,-155.4085,8.25,2.5,ml,25,60,,0.11,hv,hv19760811,2020-03-31T16:57:47.300Z,"18 km W of Volcano, Hawaii",earthquake,0.47,1.02,0.07,1,reviewed,hv,hv
1976-04-07T10:41:31.690Z,32.064,-115.747,8.69,2.77,mh,0,241.8,0.5839,0.306,ci,ci3002643,2016-01-29T21:48:50.740Z,"57km WSW of Alberto Oviedo Mota, B.C., MX",earthquake,,7.601,,14,reviewed,ci,ci
1976-04-07T10:37:59.710Z,31.966,-115.705,11.48,3.47,ml,0,245.2,0.6816,0.494,ci,ci3002642,2016-01-29T21:40:20.680Z,"58km WSW of Alberto Oviedo Mota, B.C., MX",earthquake,,5.055,,4,reviewed,ci,ci
1976-04-07T07:10:15.800Z,17.62,145.547,217,5.5,mb,,,,,us,usp0000fst,2022-04-27T17:10:45.017Z,"267 km N of Saipan, Northern Mariana Islands",earthquake,,,,,reviewed,us,us
1976-04-07T06:54:37.000Z,41.804,-126.669,33,4.5,mb,,,,,us,usp0000fss,2014-11-06T23:21:34.742Z,"195 km WSW of Pistol River, Oregon",earthquake,,,,,reviewed,us,us
1976-04-07T06:39:32.490Z,31.962,-115.72,11.33,2.82,mh,0,245.5,0.6854,0.484,ci,ci3002640,2016-01-29T21:08:50.520Z,"60km WSW of Alberto Oviedo Mota, B.C., MX",earthquake,,6.296,,13,reviewed,ci,ci
1976-04-07T05:54:40.460Z,19.3938333,-155.2623333,2.159,2.58,ml,18,103,,0.09,hv,hv19760810,2020-03-31T16:57:47.150Z,"6 km SSW of Volcano, Hawaii",earthquake,0.34,0.44,0.13,3,reviewed,hv,hv
1976-04-07T03:01:56.580Z,32.013,-115.462,6,2.9,mh,0,275.2,1.166,0.363,ci,ci3002638,2016-01-29T21:40:20.210Z,"36km SW of Alberto Oviedo Mota, B.C., MX",earthquake,,,,9,reviewed,ci,ci
1976-04-07T01:51:03.520Z,36.4395,-120.9945,-0.511,2.96,md,16,80,0.02432,0.18,nc,nc1029351,2016-12-15T06:26:59.540Z,"25 km ENE of Greenfield, California",earthquake,1.29,1.67,0.22,3,reviewed,nc,nc
1976-04-07T00:38:28.000Z,-20.779,-173.9,33,4.8,mb,,,,,us,usp0000fsr,2014-11-06T23:21:34.742Z,"116 km SSE of Pangai, Tonga",earthquake,,,,,reviewed,us,us
1976-04-07T00:05:49.670Z,37.792,-118.501,6,2.5,mh,0,344.2,0.7674,0.273,ci,ci3002636,2016-01-29T21:56:34.550Z,"45km ENE of Mammoth Lakes, CA",earthquake,,,,7,reviewed,ci,ci
1976-04-06T23:48:21.960Z,36.4396667,-120.9983333,1.369,3.23,md,20,78,0.02252,0.1,nc,nc1029349,2016-12-15T06:26:51.923Z,"25 km ENE of Greenfield, California",earthquake,0.33,1.91,0.24,5,reviewed,nc,nc
1976-04-06T23:16:00.000Z,45.0966667,-120.721,15,3.4,md,,,,,uw,uw10841048,2016-07-25T00:21:03.940Z,"10 km NNE of Shaniko, Oregon",other event,,,,0,reviewed,uw,uw
1976-04-06T19:04:50.700Z,-8.755,110.763,123,4.9,mb,,,,,us,usp0000fsq,2014-11-06T23:21:34.741Z,"99 km SSE of Pundong, Indonesia",earthquake,,,,,reviewed,us,us
1976-04-06T17:56:00.000Z,45.1553333,-120.8023333,15,3.2,md,,,,,uw,uw10841043,2016-07-25T00:21:03.740Z,"17 km NNW of Shaniko, Oregon",other event,,,,0,reviewed,uw,uw
1976-04-06T14:33:11.400Z,51.437,-179.128,64,4.7,mb,,,,,us,usp0000fsn,2014-11-06T23:21:34.740Z,"179 km WSW of Adak, Alaska",earthquake,,,,,reviewed,us,us
1976-04-06T14:25:42.830Z,19.3718333,-155.2311667,2.076,2.57,ml,19,93,,0.07,hv,hv19760808,2020-03-31T16:57:46.810Z,"7 km S of Volcano, Hawaii",earthquake,0.38,0.43,0.08,2,reviewed,hv,hv
1976-04-06T13:49:10.800Z,-3.873,152.092,21,6.4,ms,,,,,us,usp0000fsm,2025-12-19T20:21:25.042Z,"37 km NNW of Rabaul, Papua New Guinea",earthquake,,,,,reviewed,us,us
1976-04-06T13:12:52.300Z,19.3361667,-155.2051667,8.314,3.5,ml,28,75,,0.12,hv,hv19760807,2020-03-31T16:57:46.640Z,"12 km SSE of Volcano, Hawaii",earthquake,0.53,0.6,0.08,2,reviewed,hv,hv
1976-04-06T09:09:45.400Z,29.541,139.046,416,4.9,mb,,,,,us,usp0000fsk,2014-11-06T23:21:34.739Z,"Izu Islands, Japan region",earthquake,,,,,reviewed,us,us
1976-04-06T09:09:00.100Z,38.826,16.136,141,4.5,mb,,,,,us,usp0000fsj,2014-11-06T23:21:34.738Z,"9 km NNW of Pizzo, Italy",earthquake,,,,,reviewed,us,us
1976-04-06T05:14:01.200Z,-10.321,161.203,87,4.9,mb,,,,,us,usp0000fsh,2022-04-27T17:10:36.435Z,"79 km W of Kirakira, Solomon Islands",earthquake,,,,,reviewed,us,us
1976-04-06T03:00:44.000Z,-40.93,78.753,33,5.4,mb,,,,,us,usp0000fsg,2025-12-19T20:07:33.736Z,"Mid-Indian Ridge",earthquake,,,,,reviewed,us,us
1976-04-06T00:24:21.030Z,36.9133333,-121.4698333,6.05,2.68,md,55,46,0.03694,0.12,nc,nc1029342,2016-12-15T06:26:29.200Z,"9 km NW of Hollister, California",earthquake,0.19,0.47,0.23,9,reviewed,nc,nc
1976-04-05T22:19:40.240Z,32.551,-115.225,20.18,2.82,mh,0,179.1,0.1506,0.282,ci,ci3002626,2016-01-29T21:32:07.820Z,"12km E of Puebla, B.C., MX",earthquake,,1.333,,12,reviewed,ci,ci
1976-04-05T21:23:30.800Z,21.817,95.417,44,5.5,ms,,,,,us,usp0000fsf,2022-04-27T17:10:31.377Z,"39 km N of Myingyan, Myanmar",earthquake,,,,,reviewed,us,us
1976-04-05T17:56:52.200Z,-22.754,-68.65,97,4.7,mb,,,,,us,usp0000fse,2014-11-06T23:21:34.735Z,"43 km SE of Calama, Chile",earthquake,,,,,reviewed,us,us
1976-04-05T16:54:40.100Z,40.217,112.219,27,5.5,ms,,,,,us,usp0000fsd,2025-12-19T20:21:24.259Z,"81 km SE of Hohhot, China",earthquake,,,,,reviewed,us,us
1976-04-05T16:42:11.240Z,37.291,-120.007,6,3.13,ml,0,316.6,1.439,0.242,ci,ci3002622,2016-01-29T21:48:49.760Z,"22km S of Mariposa, CA",earthquake,,,,4,reviewed,ci,ci
1976-04-05T16:36:55.510Z,36.866,-121.4198333,3.943,2.53,md,46,33,0.01441,0.09,nc,nc1029335,2016-12-15T06:26:01.372Z,"2 km NW of Hollister, California",earthquake,0.16,0.4,0.16,12,reviewed,nc,nc
1976-04-05T16:21:16.500Z,28.101,51.979,61,4.2,mb,,,,,us,usp0000fsc,2014-11-06T23:21:34.734Z,"100 km SW of F?r?z?b?d, Iran",earthquake,,,,,reviewed,us,us
1976-04-05T14:57:48.870Z,31.796,-116.099,6,2.85,mh,0,281.8,0.8517,0.494,ci,ci3002620,2016-01-29T21:40:19.730Z,"45km ENE of Maneadero, B.C., MX",earthquake,,,,10,reviewed,ci,ci
1976-04-05T14:03:23.600Z,2.255,126.666,58,5.1,mb,,,,,us,usp0000fsb,2014-11-06T23:21:34.734Z,"160 km WNW of Tobelo, Indonesia",earthquake,,,,,reviewed,us,us
1976-04-05T09:48:20.600Z,-15.245,-173.287,33,5.5,mb,,,,,us,usp0000fsa,2025-12-19T20:21:23.369Z,"95 km NE of Hihifo, Tonga",earthquake,,,,,reviewed,us,us
1976-04-05T02:40:07.400Z,46.127,-111.675,5,3.8,ml,,,,,us,usp0000fs9,2014-11-06T23:21:34.732Z,"8 km SSW of Radersburg, Montana",earthquake,,,,,reviewed,us,mso
1976-04-05T01:47:46.910Z,19.3943333,-155.2545,1.806,2.88,ml,18,102,,0.08,hv,hv19760802,2020-03-31T16:57:45.880Z,"5 km SSW of Volcano, Hawaii",earthquake,0.35,0.42,0.03,3,reviewed,hv,hv
1976-04-05T00:35:06.300Z,-62.697,167.398,33,5.6,ms,,,,,us,usp0000fs8,2014-11-06T23:21:34.732Z,"Balleny Islands region",earthquake,,,,,reviewed,us,us
1976-04-04T23:11:20.300Z,-20.789,-178.836,635,4.9,mb,,,,,us,usp0000fs7,2014-11-06T23:21:34.731Z,"Fiji region",earthquake,,,,,reviewed,us,us
1976-04-04T22:38:29.500Z,49.428,150.664,332,4.7,mb,,,,,us,usp0000fs6,2014-11-06T23:21:34.731Z,"northwest of the Kuril Islands",earthquake,,,,,reviewed,us,us
1976-04-04T22:28:26.400Z,25.33,96.658,39,4.9,mb,,,,,us,usp0000fs5,2025-12-19T20:21:22.453Z,"74 km W of Myitkyina, Myanmar",earthquake,,,,,reviewed,us,us
1976-04-04T22:26:26.900Z,34.906,26.315,33,4.2,mb,,,,,us,usp0000fs4,2014-11-06T23:21:34.730Z,"32 km S of Palekastro, Greece",earthquake,,,,,reviewed,us,us
1976-04-04T21:15:35.300Z,39.645,143.371,28,4.8,mb,,,,,us,usp0000fs3,2014-11-06T23:21:34.729Z,"122 km E of Miyako, Japan",earthquake,,,,,reviewed,us,us
1976-04-04T18:04:31.740Z,39.4093333,-121.4948333,4.831,2.84,md,16,77,0.01532,0.06,nc,nc1029329,2016-12-15T06:25:39.741Z,"4 km SE of Palermo, California",earthquake,0.26,0.45,0.07,4,reviewed,nc,nc
1976-04-04T17:55:21.900Z,14.258,-87.636,45,4.8,mb,,,,,us,usp0000fs2,2022-04-27T17:10:08.463Z,"0 km NNW of San Sebastián, Honduras",earthquake,,,,,reviewed,us,us
1976-04-04T17:41:05.400Z,-20.116,-173.885,57,5,mb,,,,,us,usp0000fs1,2025-12-19T20:21:21.541Z,"59 km SE of Pangai, Tonga",earthquake,,,,,reviewed,us,us
1976-04-04T17:17:44.900Z,-17.737,-178.681,573,5,mb,,,,,us,usp0000fs0,2014-11-06T23:21:34.727Z,"215 km E of Levuka, Fiji",earthquake,,,,,reviewed,us,us
1976-04-04T15:40:25.100Z,-19.924,-178.183,596,4.7,mb,,,,,us,usp0000frz,2014-11-06T23:21:34.727Z,"Fiji region",earthquake,,,,,reviewed,us,us
1976-04-04T10:08:16.500Z,60.407,-151.743,83,3.7,mb,,,,,us,usp0000fry,2014-11-06T23:21:34.726Z,"24 km W of Cohoe, Alaska",earthquake,,,,,reviewed,us,us
1976-04-04T08:31:35.460Z,31.575,-116.379,6,2.71,mh,0,359.8,1.13,0.153,ci,ci3002605,2016-01-29T21:56:33.250Z,"24km SE of Maneadero, B.C., MX",earthquake,,,,5,reviewed,ci,ci
1976-04-04T07:28:51.300Z,-20.835,-178.418,594,4.9,mb,,,,,us,usp0000frx,2014-11-06T23:21:34.726Z,"Fiji region",earthquake,,,,,reviewed,us,us
1976-04-04T07:04:22.000Z,71.471,-8.846,33,4.4,mb,,,,,us,usp0000frw,2014-11-06T23:21:34.725Z,"61 km N of Olonkinbyen, Svalbard and Jan Mayen",earthquake,,,,,reviewed,us,us
1976-04-04T06:50:52.600Z,37.2518333,-121.6388333,4.773,2.75,md,62,77,0.02883,0.05,nc,nc1029327,2016-12-15T06:25:31.150Z,"13 km N of Morgan Hill, California",earthquake,0.17,0.35,0.23,21,reviewed,nc,nc
1976-04-04T05:12:51.690Z,32.558,-115.227,17.94,2.61,mh,0,177.8,0.1434,0.245,ci,ci3002602,2016-01-29T21:16:14.850Z,"12km E of Puebla, B.C., MX",earthquake,,1.695,,13,reviewed,ci,ci
1976-04-04T03:40:55.610Z,19.4921667,-154.8401667,7.625,2.5,ml,24,294,,0.15,hv,hv19760799,2020-03-31T17:01:36.870Z,"7 km ESE of Nanawale Estates, Hawaii",earthquake,1.21,0.77,0.07,2,reviewed,hv,hv
1976-04-04T02:36:12.200Z,52.263,-169.538,15,4.8,mb,,,,,us,usp0000frv,2014-11-06T23:21:34.724Z,"88 km SSW of Nikolski, Alaska",earthquake,,,,,reviewed,us,us
1976-04-04T02:31:48.200Z,52.049,-169.549,24,4.5,mb,,,,,us,usp0000fru,2014-11-06T23:21:34.724Z,"109 km SSW of Nikolski, Alaska",earthquake,,,,,reviewed,us,us
1976-04-04T01:30:00.800Z,52.178,-169.492,37,4.5,mb,,,,,us,usp0000frt,2014-11-06T23:21:34.723Z,"94 km SSW of Nikolski, Alaska",earthquake,,,,,reviewed,us,us
1976-04-03T21:42:03.800Z,4.064,-86.049,33,4.7,mb,,,,,us,usp0000frr,2014-11-06T23:21:34.722Z,"off the coast of Central America",earthquake,,,,,reviewed,us,us
1976-04-03T21:40:09.830Z,36.0295,-120.103,7.67,3.44,md,18,261,0.2144,0.04,nc,nc1029322,2016-12-15T06:25:10.295Z,"3 km NE of Avenal, California",earthquake,1.29,0.89,0.25,5,reviewed,nc,nc
1976-04-03T20:57:35.800Z,3.89,-85.895,33,4.3,mb,,,,,us,usp0000frq,2014-11-06T23:21:34.721Z,"off the coast of Central America",earthquake,,,,,reviewed,us,us
1976-04-03T19:14:11.100Z,44.264,149.714,33,5,mb,,,,,us,usp0000frp,2014-11-06T23:21:34.721Z,"180 km SE of Kuril’sk, Russia",earthquake,,,,,reviewed,us,us
1976-04-03T16:12:18.900Z,39.605,-120.53,5,3.3,ml,,,,,us,usp0000frn,2014-11-06T23:21:34.720Z,"8 km W of Sattley, California",earthquake,,,,,reviewed,us,brk
1976-04-03T12:34:26.200Z,-30.222,-178.958,33,4.9,mb,,,,,us,usp0000frk,2014-11-06T23:21:34.719Z,"Kermadec Islands, New Zealand",earthquake,,,,,reviewed,us,us
1976-04-03T11:43:42.370Z,19.3873333,-155.2796667,1.987,3.32,ml,31,40,,0.12,hv,hv19760796,2020-03-31T17:01:36.390Z,"7 km SW of Volcano, Hawaii",earthquake,0.35,0.4,0.5,2,reviewed,hv,hv
1976-04-03T10:02:26.500Z,12.991,-89.772,68,4.3,mb,,,,,us,usp0000frj,2014-11-06T23:21:34.719Z,"66 km S of Acajutla, El Salvador",earthquake,,,,,reviewed,us,us
1976-04-03T09:31:38.410Z,19.392,-155.2625,1.369,2.69,ml,18,50,,0.15,hv,hv19760795,2020-03-31T17:01:36.240Z,"6 km SSW of Volcano, Hawaii",earthquake,0.44,0.47,0.12,1,reviewed,hv,hv
1976-04-03T07:14:54.460Z,19.3936667,-155.2608333,1.899,2.51,ml,25,44,,0.09,hv,hv19760794,2020-03-31T17:01:36.080Z,"6 km SSW of Volcano, Hawaii",earthquake,0.32,0.42,0.45,2,reviewed,hv,hv
1976-04-03T05:47:58.840Z,36.0995,-120.6616667,6.74,2.84,md,13,115,0.05135,0.05,nc,nc1029317,2016-12-15T06:24:52.137Z,"23 km ENE of San Ardo, California",earthquake,0.36,0.46,0.22,5,reviewed,nc,nc
1976-04-03T03:50:37.600Z,14.609,-92.775,33,4.5,mb,,,,,us,usp0000frh,2014-11-06T23:21:34.718Z,"40 km WSW of Puerto Madero, Mexico",earthquake,,,,,reviewed,us,us
1976-04-03T01:52:48.150Z,33.117,-116.707,22.13,2.75,ml,0,60.9,,0.25,ci,ci3002595,2016-01-29T21:08:47.490Z,"11km WNW of Julian, CA",earthquake,,0.629,,4,reviewed,ci,ci
1976-04-03T00:56:10.700Z,52.231,-169.531,33,4.6,mb,,,,,us,usp0000frg,2014-11-06T23:21:34.717Z,"90 km SSW of Nikolski, Alaska",earthquake,,,,,reviewed,us,us
1976-04-03T00:26:54.000Z,52.15,-169.614,22,5,ms,,,,,us,usp0000frf,2025-12-19T20:21:20.751Z,"101 km SSW of Nikolski, Alaska",earthquake,,,,,reviewed,us,us
1976-04-03T00:20:31.600Z,52.346,-169.608,33,4.9,mb,,,,,us,usp0000fre,2014-11-06T23:21:34.716Z,"83 km SW of Nikolski, Alaska",earthquake,,,,,reviewed,us,us
1976-04-03T00:18:02.000Z,52.178,-169.428,33,4,mb,,,,,us,usp0000frd,2014-11-06T23:21:34.715Z,"92 km SSW of Nikolski, Alaska",earthquake,,,,,reviewed,us,us
1976-04-02T23:39:55.510Z,36.2965,-120.8748333,4.582,2.66,md,16,112,0.04955,0.04,nc,nc1029316,2016-12-15T06:24:48.671Z,"22 km NE of San Lucas, California",earthquake,0.27,0.57,0.69,7,reviewed,nc,nc
1976-04-02T23:35:14.460Z,36.9046667,-121.6203333,-0.159,2.8,md,25,49,0.03063,0.19,nc,nc1029315,2016-12-15T06:24:45.172Z,"2 km NE of Aromas, California",quarry blast,0.33,1.19,0.36,5,reviewed,nc,nc
1976-04-02T23:16:03.200Z,-21.422,170.316,146,4.7,mb,,,,,us,usp0000frc,2014-11-06T23:21:34.715Z,"234 km SSE of Isangel, Vanuatu",earthquake,,,,,reviewed,us,us
1976-04-02T23:13:38.680Z,37.005,-122.1538333,-0.376,2.52,md,24,226,0.08378,0.13,nc,nc1029313,2016-12-15T06:24:38.239Z,"3 km ESE of Davenport, California",quarry blast,0.79,0.82,0.21,5,reviewed,nc,nc
1976-04-02T22:52:24.900Z,52.175,-169.57,34,4.8,mb,,,,,us,usp0000frb,2014-11-06T23:21:34.714Z,"97 km SSW of Nikolski, Alaska",earthquake,,,,,reviewed,us,us
1976-04-02T20:33:07.100Z,-57.416,-25.67,33,5.8,mb,,,,,us,usp0000fra,2022-05-09T19:13:18.594Z,"South Sandwich Islands region",earthquake,,,,,reviewed,us,us
1976-04-02T20:10:00.000Z,45.1361667,-120.8763333,15,3.2,md,,,,,uw,uw10841018,2016-07-25T00:21:00.980Z,"16 km ESE of Maupin, Oregon",other event,,,,0,reviewed,uw,uw
1976-04-02T19:55:03.570Z,19.3331667,-155.2131667,5.395,3.72,ml,31,72,,0.14,hv,hv19760792,2020-03-31T17:01:35.740Z,"12 km S of Volcano, Hawaii",earthquake,0.46,0.74,0.21,4,reviewed,hv,hv
1976-04-02T19:51:23.290Z,36.4788333,-121.0576667,7.443,2.82,md,13,137,0.03423,0.04,nc,nc1029311,2016-12-15T06:24:31.089Z,"24 km NE of Greenfield, California",earthquake,0.35,0.86,0.21,3,reviewed,nc,nc
1976-04-02T19:14:12.350Z,19.6126667,-155.9773333,8.429,3.31,ml,25,217,,0.12,hv,hv19760791,2020-03-31T17:01:35.600Z,"3 km WSW of H?lualoa, Hawaii",earthquake,1.07,0.56,0.05,1,reviewed,hv,hv
1976-04-02T18:29:33.500Z,19.3356667,-155.1281667,6.728,2.52,ml,27,87,,0.07,hv,hv19760790,2020-03-31T17:01:35.420Z,"14 km S of Fern Forest, Hawaii",earthquake,0.46,0.81,0.02,2,reviewed,hv,hv
1976-04-02T18:28:26.460Z,19.334,-155.113,8.638,2.56,ml,31,104,,0.09,hv,hv19760789,2020-03-31T17:01:35.260Z,"14 km S of Fern Forest, Hawaii",earthquake,0.62,0.48,0.1,2,reviewed,hv,hv
1976-04-02T18:14:06.650Z,19.3363333,-155.1031667,9.368,4.59,ml,35,109,,0.08,hv,hv19760788,2020-03-31T17:01:35.100Z,"14 km SSE of Fern Forest, Hawaii",earthquake,0.59,0.38,0.33,4,reviewed,hv,hv
1976-04-02T17:52:28.300Z,42.988,45.086,33,4.5,mb,,,,,us,usp0000fr8,2014-11-06T23:21:34.712Z,"16 km SSE of Galashki, Russia",earthquake,,,,,reviewed,us,us
1976-04-02T17:07:54.800Z,35.956,141.576,34,5.5,ms,,,,,us,usp0000fr7,2025-12-19T20:21:20.027Z,"71 km ENE of Hasaki, Japan",earthquake,,,,,reviewed,us,us
1976-04-02T16:58:07.600Z,39.807,43.609,46,4.6,mb,,,,,us,usp0000fr6,2026-01-07T18:58:41.306Z,"7 km SSW of Karakoyunlu, Turkey",earthquake,,,,,reviewed,us,us
1976-04-02T15:49:58.100Z,-30.715,-178.11,33,5.1,mb,,,,,us,usp0000fr5,2014-11-06T23:21:34.710Z,"Kermadec Islands, New Zealand",earthquake,,,,,reviewed,us,us
1976-04-02T13:54:47.340Z,19.35,-154.9978333,8.747,2.66,ml,31,204,,0.13,hv,hv19760787,2020-03-31T17:01:34.920Z,"15 km SSW of Leilani Estates, Hawaii",earthquake,1.28,0.88,0.12,2,reviewed,hv,hv
1976-04-02T12:56:35.500Z,39.569,-117.668,5,4.1,ml,,,,,us,usp0000fr4,2014-11-06T23:21:34.710Z,"52 km W of Austin, Nevada",earthquake,,,,,reviewed,us,brk
1976-04-02T12:23:19.130Z,32.103,-115.467,14.19,2.61,mh,0,259.3,0.5873,0.48,ci,ci3002586,2016-01-29T21:48:48.290Z,"31km WSW of Alberto Oviedo Mota, B.C., MX",earthquake,,4.966,,9,reviewed,ci,ci
1976-04-02T10:23:49.700Z,-30.26,-177.884,32,5.1,mb,,,,,us,usp0000fr2,2014-11-06T23:21:34.708Z,"Kermadec Islands, New Zealand",earthquake,,,,,reviewed,us,us
1976-04-02T08:31:27.000Z,7.072,-82.555,33,5.2,mb,,,,,us,usp0000fr1,2014-11-06T23:21:34.708Z,"111 km SSE of Punta de Burica, Panama",earthquake,,,,,reviewed,us,us
1976-04-02T05:25:29.400Z,44.504,149.201,33,4.5,mb,,,,,us,usp0000fr0,2014-11-06T23:21:34.707Z,"131 km SE of Kuril’sk, Russia",earthquake,,,,,reviewed,us,us
1976-04-02T00:44:59.040Z,34.738,-116.424,0,2.74,ml,0,118.5,,0.208,ci,ci3002579,2016-01-29T21:08:46.950Z,"24km W of Ludlow, CA",quarry blast,,,,5,reviewed,ci,ci
1976-04-01T22:56:45.160Z,33.564,-116.94,13.95,2.69,ml,0,90,,0.237,ci,ci3002578,2016-01-29T21:40:17.300Z,"15km NNW of Aguanga, CA",earthquake,,0.437,,6,reviewed,ci,ci
1976-04-01T21:26:35.460Z,35.5883333,-120.853,7.85,3.11,md,13,233,0.2631,0.09,nc,nc1029304,2016-12-15T06:24:05.667Z,"13 km WNW of Templeton, California",earthquake,1.13,3.56,0.3,3,reviewed,nc,nc
1976-04-01T21:03:57.300Z,-12.89,166.449,84,5.8,mb,,,,,us,usp0000fqz,2022-05-09T19:16:20.597Z,"161 km NW of Sola, Vanuatu",earthquake,,,,,reviewed,us,us
1976-04-01T19:21:14.400Z,6.781,-72.988,160,5.2,mb,,,,,us,usp0000fqy,2014-11-06T23:21:34.706Z,"3 km NNW of Cepitá, Colombia",earthquake,,,,,reviewed,us,us
1976-04-01T19:02:27.300Z,50.81,100.296,10,4.1,mb,,,,,us,usp0000fqx,2014-11-06T23:21:34.705Z,"81 km SSW of Turt, Mongolia",earthquake,,,,,reviewed,us,us
1976-04-01T17:17:36.000Z,-16.312,-73.205,91,4.9,mb,,,,,us,usp0000fqw,2025-12-19T20:21:19.184Z,"31 km S of Urasqui, Peru",earthquake,,,,,reviewed,us,us
1976-04-01T16:48:03.160Z,34.612,-117.115,0,2.65,ml,0,74.3,,0.288,ci,ci3002573,2016-01-29T21:00:49.910Z,"14km NNE of Apple Valley, CA",quarry blast,,,,5,reviewed,ci,ci
1976-04-01T15:49:02.330Z,19.3283333,-155.12,9.528,2.62,ml,25,103,,0.07,hv,hv19760785,2020-03-31T17:01:34.620Z,"15 km S of Fern Forest, Hawaii",earthquake,0.5,0.56,0.06,1,reviewed,hv,hv
1976-04-01T08:01:45.780Z,34.36,-116.466,4.8,2.5,ml,0,92.5,,0.212,ci,ci3002571,2016-01-29T21:32:05.230Z,"28km N of Yucca Valley, CA",earthquake,,3.362,,3,reviewed,ci,ci
1976-04-01T07:54:11.500Z,36.64,71.067,226,4.5,mb,,,,,us,usp0000fqv,2014-11-06T23:21:34.704Z,"32 km SE of Jurm, Afghanistan",earthquake,,,,,reviewed,us,us
1976-04-01T06:30:58.380Z,19.3143333,-155.2225,6.815,2.63,md,26,77,,0.11,hv,hv19760784,2020-03-31T17:01:34.470Z,"14 km S of Volcano, Hawaii",earthquake,0.57,0.83,0.06,7,reviewed,hv,hv
1976-04-01T06:18:22.800Z,-14.98,-173.714,33,5.3,mb,,,,,us,usp0000fqu,2014-11-06T23:21:34.703Z,"108 km N of Hihifo, Tonga",earthquake,,,,,reviewed,us,us
1976-04-01T04:31:16.700Z,51.115,97.962,33,5.2,mb,,,,,us,usp0000fqt,2025-12-19T20:21:18.099Z,"65 km NNE of Kungurtug, Russia",earthquake,,,,,reviewed,us,us
1976-04-01T03:39:44.790Z,32.103,-115.481,12.91,3.47,ml,0,235.1,0.583,0.396,ci,ci3002569,2016-01-29T21:40:16.760Z,"32km WSW of Alberto Oviedo Mota, B.C., MX",earthquake,,3.778,,5,reviewed,ci,ci
1976-04-01T03:36:34.500Z,6.155,126.815,87,5.2,mb,,,,,us,usp0000fqs,2014-11-06T23:21:34.702Z,"74 km ESE of Pondaguitan, Philippines",earthquake,,,,,reviewed,us,us
1976-04-01T01:40:45.090Z,19.4076667,-155.4113333,8.61,2.67,ml,30,38,,0.11,hv,hv19760783,2020-03-31T17:01:34.310Z,"19 km WSW of Volcano, Hawaii",earthquake,0.43,0.75,,1,reviewed,hv,hv
1976-04-01T00:38:09.120Z,32.209,-115.457,13.88,3.36,ml,0,262.7,0.4946,0.31,ci,ci3002565,2016-01-29T21:24:13.740Z,"27km W of Alberto Oviedo Mota, B.C., MX",earthquake,,81.435,,4,reviewed,ci,ci
1976-04-01T00:30:27.800Z,39.2628333,-122.7353333,6.695,2.8,md,15,273,0.1514,0.04,nc,nc1029299,2016-12-15T06:23:47.108Z,"18 km NNE of Nice, California",earthquake,1.52,1.16,,5,reviewed,nc,nc
